Timezone,properties,num_properties
0,PYQRJ([0  1  2]) & JQNYJ([23  0  1]) & WXYXA([0  1  2]) & OBDLZ([0  1  2]) & SLICB([0  1  2]) & DYCYZ([0  1  2]) & RZOEX([0  1  2]) & NQBRK([23  0  1]) & DSQJK([0  1  2]) & VFTYB([23  0  1]) & LLIAE([23  0  1]) & ZYJJK([23  0  1]) & VQJZC([0  1  2]) & FDCNV([0  1  2]) & YMXZJ([23  0  1]) & AZYGH([22  23  0]) & RABHZ([22  23  0]) & RBRNK([23  0  1]) & JVZIZ([23  0  1]) & TITEQ([0  1  2]) & KXFVQ([22  23  0]) & CXADF([0  1  2]) & RFVFS([22  23  0]) & OEMCN([23  0  1]) & NOYAO([22  23  0]) & YRGCF([22  23  0]) & FYBTV([23  0  1]) & CYWSB([22  23  0]) & BIQJG([23  0  1]) & WMJTN([23  0  1]) & HOIJU([23  0  1]) & LKDHR([0  1  2]) & OIZYA([22  23  0]) & NZIAE([22  23  0]) & KDTTH([22  23  0]) & UTEBB([0  1  2]) & GCGJA([0  1  2]) & ZCHWD([23  0  1]) & YSECE([22  23  0]) & DOSHM([23  0  1]) & IHVFW([23  0  1]) & XNLBB([0  1  2]) & FEAMU([23  0  1]) & SVNEN([22  23  0]) & JCZLZ([23  0  1]) & GQART([0  1  2]) & HBMKP([0  1  2]) & JMNNZ([0  1  2]) & XVTOX([22  23  0]) & CTHWR([22  23  0]) & VRSKA([23  0  1]) & RSJEP([22  23  0]) & MXBBC([0  1  2]) & HAUCR([0  1  2]) & LQLZF([0  1  2]) & YUODE([0  1  2]) & KVNMB([22  23  0]) & DEKMM([23  0  1]) & XBGEU([23  0  1]) & NIVIJ([22  23  0]) & APBIF([22  23  0]) & FLARW([23  0  1]) & LXBEY([22  23  0]) & YRFPI([22  23  0]) & CKJOL([23  0  1]) & PCBJO([0  1  2]) & YPTOE([22  23  0]) & KALXC([0  1  2]) & IDLHO([23  0  1]) & JCQFC([0  1  2]) & ZYHKZ([0  1  2]) & GNSME([23  0  1]) & FLZSK([0  1  2]) & YPOPB([0  1  2]) & TEOGG([23  0  1]) & ZTQSZ([22  23  0]) & LBXHT([22  23  0]) & FEWDK([23  0  1]) & UWFXF([0  1  2]) & OAMDV([0  1  2]) & WDYKJ([23  0  1]) & HJLHA([0  1  2]) & VMUSG([0  1  2]) & QJQZJ([22  23  0]) & ZDXTZ([0  1  2]) & WRUWL([23  0  1]) & UAOQY([22  23  0]) & KQGVE([0  1  2]) & MCPAR([22  23  0]) & UBXXP([22  23  0]) & YYJDU([22  23  0]) & THFEB([23  0  1]) & PZHAQ([23  0  1]) & OZLAD([23  0  1]) & MVAPS([23  0  1]) & CLQKR([0  1  2]) & NLPKY([23  0  1]) & CSPJV([23  0  1]) & RSQRQ([23  0  1]) & FFFFO([22  23  0]) & TNTXY([23  0  1]) & VJAXP([0  1  2]) & CYNLJ([22  23  0]) & TYGXX([22  23  0]) & WEBVY([23  0  1]) & VQBEO([22  23  0]) & OVVXO([22  23  0]) & DFNBK([23  0  1]) & WIRII([23  0  1]) & QPKZH([0  1  2]) & EYGBV([0  1  2]) & UCMOE([23  0  1]) & HMECG([0  1  2]) & ERFGU([0  1  2]) & ASOOB([0  1  2]) & BBWAX([23  0  1]) & JXHQD([0  1  2]) & ZXTME([22  23  0]) & WMSRW([0  1  2]) & MOCKK([22  23  0]) & CMXTT([22  23  0]) & QZAVQ([23  0  1]) & IZFCY([23  0  1]) & CCNCW([0  1  2]) & SQCLK([23  0  1]) & UCUUF([0  1  2]) & YTRCM([22  23  0]) & PAIMK([22  23  0]) & ZRJGG([23  0  1]) & KMHNC([0  1  2]) & AVUHJ([22  23  0]) & WCAJA([23  0  1]) & SSOIU([23  0  1]) & UOROX([23  0  1]) & NOQLF([23  0  1]) & LWXHL([23  0  1]) & XRVIO([22  23  0]) & KVPPQ([23  0  1]) & UMWTM([0  1  2]) & WGTBT([0  1  2]) & KPZNY([22  23  0]) & XIQIG([23  0  1]) & VXZWE([0  1  2]) & HVVMC([0  1  2]) & QQUXT([23  0  1]) & SAJLQ([0  1  2]) & KIOUS([0  1  2]) & RUXWX([22  23  0]) & VNPJX([23  0  1]) & JWGIG([0  1  2]) & HJBZF([0  1  2]) & WHUXC([0  1  2]) & LUZXH([23  0  1]) & JDTAK([23  0  1]) & EZAOU([22  23  0]) & YVIFH([0  1  2]) & IHFKA([0  1  2]) & FIYPZ([0  1  2]) & YCTLP([22  23  0]) & YALLV([0  1  2]) & HIYRP([22  23  0]) & RJPQK([0  1  2]) & SOUMD([22  23  0]) & JMDZR([0  1  2]) & ODHLC([22  23  0]) & FZLBX([0  1  2]) & RWWGN([23  0  1]) & HPNNP([23  0  1]) & PYGML([23  0  1]) & AUIHB([22  23  0]) & ZREUC([23  0  1]) & DCKCY([22  23  0]) & RJJCM([22  23  0]) & QGNDP([0  1  2]) & RVRHO([23  0  1]) & ZRCFS([0  1  2]) & VGPTR([0  1  2]) & XDBRU([0  1  2]) & FNSMI([22  23  0]) & OWUCW([0  1  2]) & MVSRK([23  0  1]) & FHLPD([22  23  0]) & QXOAN([0  1  2]) & KFJGW([22  23  0]) & SJOYD([23  0  1]) & PXMNC([0  1  2]) & XBUTJ([0  1  2]) & OGPCW([0  1  2]) & PFRHV([23  0  1]) & LYTWE([0  1  2]) & YAGIE([23  0  1]) & OKIOZ([22  23  0]) & DSOKA([22  23  0]) & XAJQQ([22  23  0]) & TGOZK([23  0  1]) & CHODY([0  1  2]) & ZMWFM([22  23  0]) & SNSUP([0  1  2]) & ECHBY([23  0  1]) & BSZHB([0  1  2]) & JWEJO([23  0  1]) & JHXCO([0  1  2]) & LRTLA([23  0  1]) & TXTBR([0  1  2]) & BVNAW([23  0  1]) & TNEBL([0  1  2]) & OVRWF([0  1  2]) & UDWQV([22  23  0]) & LJDSL([23  0  1]) & BGXAY([0  1  2]) & GDAVF([23  0  1]) & GACHC([0  1  2]) & JNPJH([22  23  0]) & ZZQUT([0  1  2]) & JBNBU([23  0  1]) & EKFUZ([0  1  2]) & TXNSC([23  0  1]) & HRJJX([23  0  1]) & HJVAQ([22  23  0]) & QBZZY([0  1  2]) & KIYZJ([0  1  2]) & DVWME([22  23  0]) & RRKXQ([0  1  2]) & PXMNX([23  0  1]) & UXUWI([23  0  1]) & URLCM([22  23  0]) & FHDVE([22  23  0]) & EXDAU([0  1  2]) & XSQDX([23  0  1]) & GKYVM([22  23  0]) & UQYVY([0  1  2]) & BNSON([0  1  2]) & EYSQZ([23  0  1]) & OEPYT([0  1  2]) & NVPYS([23  0  1]) & KMZNP([23  0  1]) & PFKZX([22  23  0]) & QAIPA([0  1  2]) & LBEST([0  1  2]) & YLJDE([23  0  1]) & GIIDQ([23  0  1]) & FTOHT([0  1  2]) & OKCCT([22  23  0]) & LPWNK([22  23  0]) & ,244
1,IPDZT([0  1  2]) & DTHBV([1  2  3]) & IJXHT([23  0  1]) & SUGDY([23  0  1]) & WRQDF([0  1  2]) & GWJDI([0  1  2]) & UTSQZ([1  2  3]) & XZYGT([23  0  1]) & BKUIF([23  0  1]) & NBNWF([1  2  3]) & YWSNI([1  2  3]) & OTSEM([23  0  1]) & RBKOO([0  1  2]) & KXESX([1  2  3]) & OVGGP([1  2  3]) & DZDMC([23  0  1]) & GWLWB([0  1  2]) & VLYIH([0  1  2]) & QISPL([23  0  1]) & KIDVM([0  1  2]) & HOEIV([1  2  3]) & NONJL([0  1  2]) & TLEGP([1  2  3]) & XLFUX([23  0  1]) & YJQIF([1  2  3]) & LJLFX([1  2  3]) & CJXSA([23  0  1]) & WNDYY([0  1  2]) & IGHZT([0  1  2]) & BLWWU([23  0  1]) & TIPJC([1  2  3]) & TWISP([0  1  2]) & PGOGB([0  1  2]) & SFWHF([23  0  1]) & EZJPF([23  0  1]) & FTDEX([1  2  3]) & XDPPS([23  0  1]) & KSGGD([1  2  3]) & IZCOT([1  2  3]) & EYBBM([1  2  3]) & HGHBH([23  0  1]) & RNHAD([1  2  3]) & TGSSE([23  0  1]) & KYUDZ([0  1  2]) & DKVPQ([1  2  3]) & ZNNEQ([0  1  2]) & OIBYE([1  2  3]) & BNAPA([0  1  2]) & IQDTA([23  0  1]) & XGRNN([0  1  2]) & HCOSB([1  2  3]) & DFOSS([0  1  2]) & PQQKY([1  2  3]) & MEVNT([0  1  2]) & CDEDO([1  2  3]) & CZLQI([1  2  3]) & YOZBD([1  2  3]) & UUODQ([23  0  1]) & REBHE([1  2  3]) & EMZBG([23  0  1]) & JCTVC([23  0  1]) & LSTJI([1  2  3]) & XMMSC([1  2  3]) & HJVXA([0  1  2]) & OPEMX([1  2  3]) & XJRCO([23  0  1]) & YFBBS([1  2  3]) & ZUSAB([0  1  2]) & QAKVA([23  0  1]) & ARXOO([0  1  2]) & FTMHA([0  1  2]) & IKXSP([0  1  2]) & IGHJX([1  2  3]) & OORBM([0  1  2]) & VOLTI([1  2  3]) & DJNSF([1  2  3]) & EXXKZ([23  0  1]) & WFBPS([23  0  1]) & LUTUZ([0  1  2]) & MZBVU([1  2  3]) & QRTKH([23  0  1]) & RKSNU([0  1  2]) & TNSZF([23  0  1]) & UBZIO([0  1  2]) & HTAVZ([1  2  3]) & HBDQH([0  1  2]) & JEGPD([0  1  2]) & HEFOW([1  2  3]) & VALVW([0  1  2]) & KMGFR([1  2  3]) & DQRDV([0  1  2]) & ZTPHO([23  0  1]) & WGKNR([1  2  3]) & SOEGQ([0  1  2]) & UXILH([0  1  2]) & GYDYW([23  0  1]) & QAHZX([1  2  3]) & KSQYS([1  2  3]) & ZGSDZ([0  1  2]) & LSJHU([1  2  3]) & JVXRP([0  1  2]) & RUOPV([23  0  1]) & ZUAMJ([0  1  2]) & ZTWAO([1  2  3]) & GYMMH([23  0  1]) & RKVGN([1  2  3]) & FVOWO([1  2  3]) & SRHKV([0  1  2]) & WMBSX([23  0  1]) & NWCMK([1  2  3]) & JCVBI([0  1  2]) & AWPYU([1  2  3]) & YFVJW([23  0  1]) & AFPOQ([1  2  3]) & JLVJF([1  2  3]) & NRJHF([1  2  3]) & FQVAL([23  0  1]) & QPUWU([0  1  2]) & BJQEU([1  2  3]) & MPGQK([23  0  1]) & RMFQS([1  2  3]) & XYYJQ([23  0  1]) & ZSYNB([0  1  2]) & RXNFE([23  0  1]) & JTJLD([0  1  2]) & YZDQD([0  1  2]) & CBOVI([0  1  2]) & HFLCH([1  2  3]) & CANYP([1  2  3]) & YEABD([0  1  2]) & YCXNU([1  2  3]) & DMXYI([23  0  1]) & LJLPV([0  1  2]) & MRKSC([0  1  2]) & AUIUM([1  2  3]) & LNLZB([0  1  2]) & CVDHV([23  0  1]) & TWTNB([1  2  3]) & LABDM([1  2  3]) & CVLNG([23  0  1]) & FQZPO([0  1  2]) & HFRCP([0  1  2]) & FTMAR([1  2  3]) & FSTKI([0  1  2]) & IJXVO([0  1  2]) & ZFCUJ([23  0  1]) & HSNLA([23  0  1]) & DMVSS([23  0  1]) & BLWOS([0  1  2]) & JQJHG([1  2  3]) & QGZAJ([0  1  2]) & YIAOV([23  0  1]) & HLEMG([1  2  3]) & ZJWWK([0  1  2]) & IHJXH([1  2  3]) & OTIXX([1  2  3]) & WOTGE([0  1  2]) & KNQKI([1  2  3]) & TYTHO([23  0  1]) & RWLOS([23  0  1]) & VJQSQ([0  1  2]) & WVMJG([0  1  2]) & VOSPG([1  2  3]) & SBHHP([23  0  1]) & TMOUV([0  1  2]) & NGMWV([1  2  3]) & LGRDT([0  1  2]) & KZCVP([1  2  3]) & FJCKL([1  2  3]) & HUHVI([0  1  2]) & XDNTR([0  1  2]) & JNUNS([0  1  2]) & HHPTJ([1  2  3]) & ABOBD([1  2  3]) & RRXQL([1  2  3]) & XCFFQ([1  2  3]) & AQMMY([1  2  3]) & CKXHF([23  0  1]) & YDFCC([0  1  2]) & QWUZQ([1  2  3]) & DZZMR([1  2  3]) & KRIBI([1  2  3]) & QVAMI([0  1  2]) & VLJCF([23  0  1]) & RUTEC([23  0  1]) & NVNNQ([1  2  3]) & TWNXJ([23  0  1]) & CEISC([0  1  2]) & YDEKA([23  0  1]) & EPCXR([0  1  2]) & GYOHC([23  0  1]) & BVSLV([1  2  3]) & WSVAM([0  1  2]) & FGAOR([23  0  1]) & IOYUQ([23  0  1]) & ACMFR([1  2  3]) & QEUUD([0  1  2]) & FDGLG([1  2  3]) & ARCAT([1  2  3]) & VETYT([23  0  1]) & KUZXB([23  0  1]) & ZEAFS([23  0  1]) & GLGXD([23  0  1]) & MWZCP([23  0  1]) & ,204
2,FADGM([0  1  2]) & TIINM([1  2  3]) & EBQXD([0  1  2]) & BKRVX([0  1  2]) & MAUHK([2  3  4]) & EQDQM([0  1  2]) & RGXYE([2  3  4]) & FLVNS([2  3  4]) & APVJL([2  3  4]) & YWPPC([0  1  2]) & ADMNM([0  1  2]) & BLZPK([0  1  2]) & TIUXD([0  1  2]) & LRBKI([0  1  2]) & MLCZW([2  3  4]) & RPKWN([1  2  3]) & SNEUY([2  3  4]) & DPDOP([1  2  3]) & GHPVH([1  2  3]) & PXAGI([2  3  4]) & CDJRV([2  3  4]) & JDPDP([2  3  4]) & NCIHR([2  3  4]) & CZYKU([0  1  2]) & TLLTT([2  3  4]) & BPGYY([2  3  4]) & WZXXC([0  1  2]) & JXXUQ([0  1  2]) & ICWFJ([0  1  2]) & YNLAC([1  2  3]) & MUMLH([0  1  2]) & BSRKU([1  2  3]) & PTISF([2  3  4]) & ZATUH([0  1  2]) & EJMHE([0  1  2]) & VNSPJ([2  3  4]) & MYIRR([1  2  3]) & UUNND([2  3  4]) & ICVLT([0  1  2]) & JNTWU([0  1  2]) & ZSLRT([2  3  4]) & IRUVQ([0  1  2]) & YVDIG([1  2  3]) & EPNDF([1  2  3]) & DPCBN([0  1  2]) & KWTAH([0  1  2]) & KAIFH([2  3  4]) & WHXXZ([0  1  2]) & LVYIC([1  2  3]) & YUMGP([0  1  2]) & ENSWI([0  1  2]) & CLQOX([2  3  4]) & IZOSL([2  3  4]) & DGDAX([2  3  4]) & OFAWF([0  1  2]) & CBAOQ([0  1  2]) & YZURJ([1  2  3]) & RPRBB([2  3  4]) & INCME([0  1  2]) & ZYZHU([1  2  3]) & DEMNT([0  1  2]) & QGVOY([0  1  2]) & XDPBX([0  1  2]) & PSEBH([2  3  4]) & OMBNE([0  1  2]) & RXUBL([0  1  2]) & KRSEG([0  1  2]) & LKGLW([2  3  4]) & CWIHQ([1  2  3]) & TUCVI([1  2  3]) & QZMGK([0  1  2]) & KNHFU([2  3  4]) & NFQHR([2  3  4]) & MEWAP([2  3  4]) & YBZEZ([1  2  3]) & XOHTG([2  3  4]) & WTGGR([0  1  2]) & GEEOS([0  1  2]) & XFVOA([0  1  2]) & JLMOE([0  1  2]) & RMIVZ([0  1  2]) & HLCAR([0  1  2]) & BXRRI([2  3  4]) & RRHEE([1  2  3]) & FZIUO([2  3  4]) & ZBMZT([2  3  4]) & AUAAP([1  2  3]) & DIZIA([2  3  4]) & TQOAF([1  2  3]) & ZXUDE([2  3  4]) & PXWUB([2  3  4]) & IWTUG([0  1  2]) & LNOCB([2  3  4]) & YENKE([1  2  3]) & AMTDE([1  2  3]) & WSZEQ([0  1  2]) & XXKAB([1  2  3]) & AAUXK([2  3  4]) & COYTF([0  1  2]) & ZGZMF([2  3  4]) & MAVSJ([0  1  2]) & ISCHU([1  2  3]) & NLLNI([2  3  4]) & YLXVQ([0  1  2]) & AQHUG([0  1  2]) & MEGJE([0  1  2]) & FTXIB([1  2  3]) & PRCMR([2  3  4]) & YQICD([1  2  3]) & AVIOH([1  2  3]) & FOHQX([1  2  3]) & WPNDA([2  3  4]) & RHVTZ([0  1  2]) & UNUIF([2  3  4]) & ZCSSC([2  3  4]) & IZZKN([1  2  3]) & DEGNJ([0  1  2]) & FCBBU([0  1  2]) & OIAXT([1  2  3]) & RMYPS([0  1  2]) & DMTSO([1  2  3]) & RZTFX([0  1  2]) & KQXJM([1  2  3]) & UVNYJ([2  3  4]) & KENID([2  3  4]) & SDUDA([0  1  2]) & CMIOE([2  3  4]) & ECLQT([0  1  2]) & PZSJK([0  1  2]) & ICIMG([1  2  3]) & BOMVU([1  2  3]) & FCWUN([2  3  4]) & OPUFS([2  3  4]) & WMLYT([1  2  3]) & IDNTM([0  1  2]) & SASBQ([0  1  2]) & SSPKS([2  3  4]) & QUDQN([0  1  2]) & LKQJZ([1  2  3]) & GXSYA([0  1  2]) & LEFJQ([2  3  4]) & NVJKV([2  3  4]) & MTQGY([0  1  2]) & TSRCH([1  2  3]) & KLLKX([2  3  4]) & XVGQN([2  3  4]) & NLVZZ([1  2  3]) & MAYHF([0  1  2]) & QKCQK([2  3  4]) & AZWEA([0  1  2]) & GCVJF([0  1  2]) & UGZDL([2  3  4]) & PPNVC([1  2  3]) & SNOHS([0  1  2]) & PZLEY([2  3  4]) & ZUYXQ([2  3  4]) & HGIVO([1  2  3]) & QNXZB([0  1  2]) & JFKUU([1  2  3]) & TCIWY([0  1  2]) & ZBEFD([1  2  3]) & QKWRH([2  3  4]) & NWDNL([2  3  4]) & LMFQC([1  2  3]) & DEQMZ([2  3  4]) & ROSOE([1  2  3]) & DFSTU([1  2  3]) & XZBFB([1  2  3]) & SXWTK([1  2  3]) & ZOXKM([0  1  2]) & EQNPM([2  3  4]) & TZBWB([0  1  2]) & CNXSF([1  2  3]) & MFJHA([0  1  2]) & LPNGD([0  1  2]) & RUXKA([0  1  2]) & HRQVC([1  2  3]) & LDNRE([2  3  4]) & SPWFR([2  3  4]) & MPOSA([1  2  3]) & PNDJA([1  2  3]) & OXOYN([2  3  4]) & LFVSB([2  3  4]) & PFXFQ([1  2  3]) & PIUMN([1  2  3]) & REGUD([0  1  2]) & IHWQS([1  2  3]) & QWXYJ([0  1  2]) & DVRLN([0  1  2]) & WYBQQ([0  1  2]) & QXEFJ([2  3  4]) & NYBRS([2  3  4]) & XKNBQ([0  1  2]) & MHANJ([0  1  2]) & ZRQIP([0  1  2]) & THDNU([2  3  4]) & TDLGF([0  1  2]) & RDQCO([2  3  4]) & QVUHI([2  3  4]) & SWVIC([2  3  4]) & AKROZ([1  2  3]) & DBFKG([0  1  2]) & CIMGE([2  3  4]) & OOSFT([2  3  4]) & GFZOO([1  2  3]) & ELVZM([1  2  3]) & XHRDR([1  2  3]) & ,207
3,LDKBC([3  4  5]) & OYMUN([1  2  3]) & HGSTO([1  2  3]) & IMKUS([1  2  3]) & GOXGV([2  3  4]) & CTPEJ([3  4  5]) & PFZLE([2  3  4]) & QLRVN([3  4  5]) & UUIDR([3  4  5]) & LICKW([1  2  3]) & RLOPI([1  2  3]) & HAIHZ([1  2  3]) & UQZGD([1  2  3]) & XZKXF([1  2  3]) & UOGWE([2  3  4]) & ZZSKB([2  3  4]) & XWACV([1  2  3]) & CZMLE([3  4  5]) & HSWDZ([3  4  5]) & ZMRVW([3  4  5]) & RVVGW([1  2  3]) & RXAQJ([1  2  3]) & KIJUA([1  2  3]) & WLNEW([1  2  3]) & YMMME([3  4  5]) & ZJANC([3  4  5]) & IEKLM([1  2  3]) & LCNAM([2  3  4]) & YONWW([1  2  3]) & JIQGT([2  3  4]) & RJSHO([1  2  3]) & GZUUL([1  2  3]) & SMFJY([1  2  3]) & TPOBT([1  2  3]) & OTWQL([3  4  5]) & CTMKC([3  4  5]) & CFJDD([3  4  5]) & MPWAB([2  3  4]) & FGOQL([2  3  4]) & LXCGO([2  3  4]) & YFIWV([1  2  3]) & NIQLH([3  4  5]) & ZARZN([1  2  3]) & VVHVL([2  3  4]) & EGGZT([3  4  5]) & PYLXS([3  4  5]) & MMUYI([1  2  3]) & TPQEA([2  3  4]) & KINBF([2  3  4]) & GMIBI([1  2  3]) & LAERV([1  2  3]) & NJKQC([3  4  5]) & AXCPS([1  2  3]) & JSCOJ([1  2  3]) & ICSWU([3  4  5]) & HJGRM([3  4  5]) & QVNFP([1  2  3]) & IXBKR([1  2  3]) & VHUMN([1  2  3]) & ULTRT([2  3  4]) & BNGAC([2  3  4]) & CARBG([1  2  3]) & QGLPR([3  4  5]) & CYRTD([3  4  5]) & TMADB([2  3  4]) & RHHFD([1  2  3]) & QKIMM([3  4  5]) & PXZAB([1  2  3]) & OLTOF([1  2  3]) & XLBCC([3  4  5]) & ELAMK([1  2  3]) & GBWNB([3  4  5]) & QHXKS([2  3  4]) & ROQRF([1  2  3]) & TOXUB([1  2  3]) & CQEGP([2  3  4]) & YIIPV([3  4  5]) & VMZSX([1  2  3]) & BQUKS([1  2  3]) & XBTRS([2  3  4]) & DKJDK([1  2  3]) & MMHLB([3  4  5]) & UETUG([2  3  4]) & UWPEF([1  2  3]) & HYJGF([2  3  4]) & WVRTI([3  4  5]) & LRRLH([3  4  5]) & YMZZE([1  2  3]) & ONRRI([1  2  3]) & JSHWD([2  3  4]) & OGRLK([2  3  4]) & HBABZ([3  4  5]) & FNTRE([1  2  3]) & BOJKU([3  4  5]) & NSUKU([3  4  5]) & EYZKD([2  3  4]) & ZUYEQ([1  2  3]) & PWBZS([2  3  4]) & COBKO([2  3  4]) & BKVDY([1  2  3]) & ZFKLC([3  4  5]) & EGQGD([1  2  3]) & VISQB([2  3  4]) & NULOI([3  4  5]) & CPBQB([1  2  3]) & IFLIO([2  3  4]) & CTODH([1  2  3]) & TKZYT([3  4  5]) & FCAJG([1  2  3]) & MIPSD([2  3  4]) & NYTZQ([1  2  3]) & YENEV([2  3  4]) & PWROS([3  4  5]) & LRUAV([3  4  5]) & HXKWC([3  4  5]) & CTDKF([3  4  5]) & BETYG([1  2  3]) & TIFMT([2  3  4]) & EJLXB([3  4  5]) & YYSDP([2  3  4]) & SMDPW([3  4  5]) & GQDAR([3  4  5]) & GGETW([1  2  3]) & FCCND([1  2  3]) & IXDKG([3  4  5]) & FZVVR([1  2  3]) & YYEUW([2  3  4]) & OJCCM([2  3  4]) & IMMQY([3  4  5]) & XNEDL([2  3  4]) & LLLLB([3  4  5]) & CUIJK([3  4  5]) & LIPMC([3  4  5]) & PEBIJ([1  2  3]) & RXPWH([1  2  3]) & UCMIX([3  4  5]) & GSLNL([1  2  3]) & OAEKJ([1  2  3]) & CFFYO([2  3  4]) & OCMLN([1  2  3]) & ONFCY([3  4  5]) & ZGSYQ([2  3  4]) & PWQJU([1  2  3]) & LKBRX([3  4  5]) & JGMSC([1  2  3]) & WUGLK([2  3  4]) & FYKIX([2  3  4]) & HTSEN([1  2  3]) & AORFM([3  4  5]) & GGFGX([1  2  3]) & AERBA([1  2  3]) & QXWUD([1  2  3]) & PMJLW([1  2  3]) & CYOCF([1  2  3]) & UDDYO([2  3  4]) & LAAOB([1  2  3]) & NSLNN([1  2  3]) & XIDZP([1  2  3]) & DXBYL([2  3  4]) & YUZOR([3  4  5]) & HFDIH([2  3  4]) & WOGGQ([3  4  5]) & GKYFV([1  2  3]) & AMACT([1  2  3]) & QMDZN([3  4  5]) & PUTZE([1  2  3]) & GVJTI([2  3  4]) & CNKNU([3  4  5]) & MGFFG([1  2  3]) & LBOMZ([3  4  5]) & BENLO([3  4  5]) & MUXTN([1  2  3]) & PVHJT([2  3  4]) & GCERY([2  3  4]) & BJTKA([1  2  3]) & FWSET([3  4  5]) & IPJJC([2  3  4]) & VWKBR([3  4  5]) & YDMIE([3  4  5]) & HWDVC([2  3  4]) & BJBLF([1  2  3]) & LJXFH([1  2  3]) & JWYWB([3  4  5]) & VTZSZ([1  2  3]) & GTHBD([2  3  4]) & JCGTU([1  2  3]) & LELZA([3  4  5]) & FXSOE([1  2  3]) & WBBSH([2  3  4]) & EWCOD([3  4  5]) & SGWFF([1  2  3]) & ENAOY([3  4  5]) & VWYBI([3  4  5]) & URBDZ([2  3  4]) & CFLSC([3  4  5]) & THGNJ([3  4  5]) & YDOOY([1  2  3]) & PETIB([1  2  3]) & AKKPX([3  4  5]) & JZTRV([2  3  4]) & JCCYJ([2  3  4]) & ONZGS([3  4  5]) & TBCQN([3  4  5]) & ,203
4,LQXDW([2  3  4]) & WXIWU([3  4  5]) & UWXEO([3  4  5]) & BXCUT([2  3  4]) & JOBMS([3  4  5]) & BHDOX([4  5  6]) & XYLSU([3  4  5]) & KISTF([3  4  5]) & PCVSN([4  5  6]) & OCBYZ([2  3  4]) & FXTVE([4  5  6]) & XCEDL([2  3  4]) & AZFLV([3  4  5]) & AOXZJ([2  3  4]) & NOFLF([4  5  6]) & MBYYG([4  5  6]) & QQCIG([4  5  6]) & UKMUQ([3  4  5]) & LEEUE([4  5  6]) & LERYD([4  5  6]) & GZLPE([3  4  5]) & FLMPU([2  3  4]) & XEYPP([2  3  4]) & XMPHI([2  3  4]) & QKREF([4  5  6]) & MZAMT([3  4  5]) & VRMEW([2  3  4]) & NWGMF([4  5  6]) & TRYMT([2  3  4]) & ZXLUO([2  3  4]) & KLYSU([2  3  4]) & TJZGK([3  4  5]) & ZAESR([3  4  5]) & LNIII([2  3  4]) & RROTZ([3  4  5]) & SHFPA([4  5  6]) & VCVFQ([2  3  4]) & XHCKM([3  4  5]) & MVTHI([2  3  4]) & AJSXU([4  5  6]) & JHEHO([4  5  6]) & XKKDY([4  5  6]) & FYHTH([3  4  5]) & NGGQH([3  4  5]) & VKYTM([2  3  4]) & TDIEC([4  5  6]) & TFYKF([3  4  5]) & WQUIR([4  5  6]) & EDVHH([2  3  4]) & UZDDX([4  5  6]) & HAXGL([3  4  5]) & YAVNU([2  3  4]) & JIQMI([2  3  4]) & PZGNO([4  5  6]) & GXOYN([2  3  4]) & CRPOS([2  3  4]) & GTMUN([3  4  5]) & IBRWV([3  4  5]) & SEQXL([2  3  4]) & KZBKT([3  4  5]) & QKRME([4  5  6]) & KJDLR([4  5  6]) & BLVDY([4  5  6]) & HXPRA([3  4  5]) & KYQOI([2  3  4]) & LZCLK([3  4  5]) & WGXPH([4  5  6]) & OAEFO([4  5  6]) & PSLWW([3  4  5]) & RXKRT([3  4  5]) & NBIPB([2  3  4]) & XFXKL([3  4  5]) & QSFWY([4  5  6]) & SQOPN([4  5  6]) & PYFKX([4  5  6]) & ODYAM([3  4  5]) & MEJSY([2  3  4]) & UJREF([3  4  5]) & PTTTI([2  3  4]) & HQAAU([3  4  5]) & GLTGZ([2  3  4]) & ZGPQX([2  3  4]) & NXGWG([4  5  6]) & BYXHC([4  5  6]) & ZAXQB([4  5  6]) & FRJHU([4  5  6]) & FXBWW([2  3  4]) & PVPZC([3  4  5]) & PMJYS([3  4  5]) & FRJOZ([2  3  4]) & QWHXW([3  4  5]) & KYFNR([4  5  6]) & TZBWQ([4  5  6]) & MCEBH([4  5  6]) & VSXDS([2  3  4]) & XHVMV([4  5  6]) & VVTYD([4  5  6]) & KIVZK([3  4  5]) & ZMXJE([2  3  4]) & BUHKM([3  4  5]) & NYLGA([2  3  4]) & PLPDR([3  4  5]) & NNFAG([2  3  4]) & CCSOM([4  5  6]) & XLZIZ([3  4  5]) & UGVTG([4  5  6]) & RYBYX([4  5  6]) & EIUCP([2  3  4]) & BTPRZ([4  5  6]) & NPBDH([4  5  6]) & WDJEB([4  5  6]) & TOWSW([4  5  6]) & THRZI([4  5  6]) & UKZAX([4  5  6]) & WUHPJ([2  3  4]) & SBMZS([4  5  6]) & TAWEO([3  4  5]) & IEESC([2  3  4]) & CKJPJ([4  5  6]) & KYKUM([4  5  6]) & JZDQH([4  5  6]) & KRJTO([4  5  6]) & SLPQV([3  4  5]) & QCFVD([2  3  4]) & RETMA([4  5  6]) & AOLTQ([3  4  5]) & DYUTK([4  5  6]) & AQUQY([4  5  6]) & XORUG([3  4  5]) & XIALD([2  3  4]) & JMGEG([2  3  4]) & OGQIE([4  5  6]) & YIRFR([3  4  5]) & LLLDE([4  5  6]) & HIOLW([3  4  5]) & AJJSP([2  3  4]) & UGSJU([2  3  4]) & RQFHI([4  5  6]) & BSQOK([2  3  4]) & FMJEK([4  5  6]) & VHYJZ([2  3  4]) & JNVOA([4  5  6]) & ZGNPS([4  5  6]) & MOBBF([3  4  5]) & RPVUS([2  3  4]) & UORFC([3  4  5]) & YFWXW([3  4  5]) & XCJGT([3  4  5]) & SNBKK([2  3  4]) & DVKKZ([4  5  6]) & NIABD([2  3  4]) & JYQRP([4  5  6]) & ORZYP([3  4  5]) & VNRCU([4  5  6]) & DOHXY([3  4  5]) & KAPNL([3  4  5]) & OUZMG([3  4  5]) & RFAYM([2  3  4]) & FZWHF([4  5  6]) & QOFLF([4  5  6]) & EKZZP([4  5  6]) & MAGGG([4  5  6]) & YRIPV([2  3  4]) & NKGGN([2  3  4]) & HSXHA([4  5  6]) & BSCAO([3  4  5]) & RIWHB([3  4  5]) & RCBCE([4  5  6]) & ZUVUV([4  5  6]) & JYCJX([3  4  5]) & DYVCM([4  5  6]) & ZFBSL([3  4  5]) & QPNHY([3  4  5]) & GJCLP([2  3  4]) & XGCFK([2  3  4]) & QPTPD([2  3  4]) & QSLER([4  5  6]) & ZOTME([4  5  6]) & XCEDQ([4  5  6]) & WUKBQ([4  5  6]) & JGFTN([4  5  6]) & CMTPO([2  3  4]) & QRCQK([4  5  6]) & SRGLF([3  4  5]) & XDKSQ([2  3  4]) & EZQVW([3  4  5]) & RCYGY([3  4  5]) & KALYZ([4  5  6]) & YVOBU([2  3  4]) & WQKAV([2  3  4]) & JTCDZ([2  3  4]) & HALXC([2  3  4]) & KREQH([3  4  5]) & TLCVO([4  5  6]) & QLMDU([4  5  6]) & HDIYL([3  4  5]) & JFBCY([3  4  5]) & KIEDN([2  3  4]) & NBOID([4  5  6]) & GPGMR([2  3  4]) & HQISY([4  5  6]) & RDRNP([2  3  4]) & FAFGY([4  5  6]) & NAPUX([2  3  4]) & HEIUY([2  3  4]) & JNQTV([2  3  4]) & PECWZ([3  4  5]) & ZHGWU([3  4  5]) & GWCVU([4  5  6]) & TWRED([4  5  6]) & TSBIZ([4  5  6]) & TGLZC([2  3  4]) & GHTXO([3  4  5]) & IPLGF([4  5  6]) & ISNDB([4  5  6]) & PACGG([4  5  6]) & VCZDB([2  3  4]) & ,217
5,GIFJT([3  4  5]) & JANWJ([4  5  6]) & HFSXY([4  5  6]) & LKVOP([3  4  5]) & SVOSQ([3  4  5]) & OXJNH([3  4  5]) & YKBAX([4  5  6]) & CBZQX([5  6  7]) & UAUER([3  4  5]) & HSPJS([3  4  5]) & MDDYE([5  6  7]) & IIVQI([3  4  5]) & SRHUA([5  6  7]) & MUOZT([4  5  6]) & TJMQM([4  5  6]) & IHZGI([3  4  5]) & AWQZE([5  6  7]) & TGDBL([5  6  7]) & DXOMN([3  4  5]) & ENLLI([4  5  6]) & TBFJX([5  6  7]) & FEUFL([5  6  7]) & MARLP([5  6  7]) & LIWPW([5  6  7]) & BDXNV([5  6  7]) & XVJPH([3  4  5]) & RWNYG([5  6  7]) & OKIVO([4  5  6]) & OFLFV([4  5  6]) & WJSON([5  6  7]) & RWWLZ([3  4  5]) & XALOZ([3  4  5]) & ETCLT([5  6  7]) & AMXMO([3  4  5]) & YBFUS([5  6  7]) & YGUCZ([3  4  5]) & RMWIZ([4  5  6]) & DCAJF([4  5  6]) & JGCXR([4  5  6]) & ZLBVB([4  5  6]) & NEDHC([3  4  5]) & HADPX([3  4  5]) & TKABR([4  5  6]) & HTXBJ([5  6  7]) & PMHIO([3  4  5]) & SSGGF([4  5  6]) & XYRPW([3  4  5]) & XXBFK([5  6  7]) & IBWSR([4  5  6]) & ZOATI([5  6  7]) & HKSJT([3  4  5]) & DIQXT([5  6  7]) & KLDTY([3  4  5]) & MZKWZ([5  6  7]) & GPUWZ([4  5  6]) & KUZYA([3  4  5]) & JSFOT([5  6  7]) & WIAPY([3  4  5]) & XXRGH([4  5  6]) & PNHOH([3  4  5]) & JECVS([5  6  7]) & DSLPD([4  5  6]) & GKJVT([5  6  7]) & RVWAL([3  4  5]) & GKEWM([3  4  5]) & JMJES([3  4  5]) & WRIPY([4  5  6]) & MIHTR([5  6  7]) & EWLDP([5  6  7]) & OJCDD([4  5  6]) & BLBCW([5  6  7]) & ABVZF([5  6  7]) & FQDTV([3  4  5]) & GUITA([5  6  7]) & DXLZD([3  4  5]) & BKFOS([4  5  6]) & KFZYQ([3  4  5]) & TABDA([3  4  5]) & VYUCH([3  4  5]) & FDWKT([3  4  5]) & ACNRD([5  6  7]) & NIPYE([4  5  6]) & HGNPI([3  4  5]) & IHUBD([5  6  7]) & NKMPU([4  5  6]) & MHGIY([3  4  5]) & EWTUF([4  5  6]) & LDPUI([4  5  6]) & VYWAH([3  4  5]) & QJOJX([4  5  6]) & SUDDT([5  6  7]) & YSXQE([3  4  5]) & NKDNW([5  6  7]) & TAHOI([5  6  7]) & BGWBY([5  6  7]) & RNYGI([3  4  5]) & PKWEU([3  4  5]) & AKFWD([5  6  7]) & OADZO([3  4  5]) & SQZNG([4  5  6]) & DYVOV([3  4  5]) & JGHQB([3  4  5]) & GPIUV([4  5  6]) & MKGZK([5  6  7]) & YVNTK([5  6  7]) & QXNXJ([3  4  5]) & VSDMU([5  6  7]) & IFKEI([5  6  7]) & CRSMK([5  6  7]) & FMNAB([3  4  5]) & SPMYD([5  6  7]) & DXANF([3  4  5]) & ZIMPD([3  4  5]) & VHRWX([3  4  5]) & RDZBW([4  5  6]) & MLCAE([5  6  7]) & ODXMJ([4  5  6]) & DAINW([4  5  6]) & NKTKL([4  5  6]) & QCNQH([4  5  6]) & RBJNR([5  6  7]) & FWXWJ([3  4  5]) & NZIBD([5  6  7]) & UQNGF([4  5  6]) & BQOEI([3  4  5]) & VRIEM([5  6  7]) & BUPUL([4  5  6]) & QKPVB([5  6  7]) & XLCNB([3  4  5]) & IYXGT([5  6  7]) & HBJEK([5  6  7]) & BZVTL([5  6  7]) & KDZXU([3  4  5]) & JJZJG([5  6  7]) & JCOIQ([3  4  5]) & RPNZC([3  4  5]) & GTHON([4  5  6]) & APGBH([5  6  7]) & ISLLH([5  6  7]) & GGZPY([4  5  6]) & CGOWI([5  6  7]) & VSTQP([5  6  7]) & OEOGA([3  4  5]) & YQLWV([4  5  6]) & TUZIR([3  4  5]) & IPJQZ([3  4  5]) & FANCD([5  6  7]) & UMRMP([4  5  6]) & SOGJS([5  6  7]) & IJEMG([5  6  7]) & SVCUM([5  6  7]) & ICNVD([5  6  7]) & FJEYJ([5  6  7]) & GXQYS([4  5  6]) & WBFNR([3  4  5]) & IZMGF([4  5  6]) & DTXOX([5  6  7]) & QUZRA([3  4  5]) & HVURD([3  4  5]) & XQWYL([4  5  6]) & AGOXG([4  5  6]) & TFRVH([3  4  5]) & YXYKO([3  4  5]) & WOHYQ([3  4  5]) & EBPAM([3  4  5]) & FFUXM([5  6  7]) & IEKKN([5  6  7]) & HIHEF([5  6  7]) & DJLPQ([3  4  5]) & FOFUX([5  6  7]) & WCYJN([3  4  5]) & QXXKD([3  4  5]) & JKCAX([4  5  6]) & MIYHE([5  6  7]) & GEQHC([3  4  5]) & FBORI([3  4  5]) & AKPUY([5  6  7]) & KCLQT([3  4  5]) & CICCT([4  5  6]) & XSIKY([3  4  5]) & PLDSK([3  4  5]) & DWTNL([3  4  5]) & UUMRM([5  6  7]) & YZFZR([3  4  5]) & ,184
6,MREGG([6  7  8]) & YWGBJ([4  5  6]) & HGOWU([6  7  8]) & NIITX([6  7  8]) & RXCZG([5  6  7]) & TCZBQ([5  6  7]) & HPUUT([6  7  8]) & GBXGR([5  6  7]) & TSWPO([4  5  6]) & SNYZT([6  7  8]) & KLFVJ([5  6  7]) & UBFBD([4  5  6]) & AMYWJ([4  5  6]) & UBGWO([6  7  8]) & YKVHI([4  5  6]) & CZFPW([5  6  7]) & ZHNCX([4  5  6]) & OBKAA([6  7  8]) & RIXWK([5  6  7]) & EJINU([4  5  6]) & FAQBF([6  7  8]) & JISDH([5  6  7]) & RBRTV([4  5  6]) & PJMGB([4  5  6]) & UQSOO([6  7  8]) & XQCAV([4  5  6]) & LBLVP([6  7  8]) & ZNNHP([4  5  6]) & IWJUP([5  6  7]) & SJCHD([4  5  6]) & JISFC([6  7  8]) & PYGWZ([5  6  7]) & VWQKS([4  5  6]) & WLNIE([6  7  8]) & JTJLL([6  7  8]) & MXNIU([4  5  6]) & EIKMM([6  7  8]) & HKPMJ([4  5  6]) & WSAEH([4  5  6]) & XBRQJ([6  7  8]) & SCXKB([5  6  7]) & WUGLW([6  7  8]) & HHRHU([5  6  7]) & WLYMK([4  5  6]) & BUTXW([5  6  7]) & SPFLB([6  7  8]) & TUGIW([4  5  6]) & WPFHY([5  6  7]) & LPHNT([4  5  6]) & EVIAW([4  5  6]) & IMDTH([5  6  7]) & XTWJI([6  7  8]) & YIRAJ([6  7  8]) & AJYWK([4  5  6]) & UURQR([6  7  8]) & OGZEK([5  6  7]) & NVGOX([5  6  7]) & DRLMP([6  7  8]) & OUVAH([6  7  8]) & SFDDA([6  7  8]) & HZYSF([5  6  7]) & RTSOC([4  5  6]) & HBLVJ([5  6  7]) & BUEZP([5  6  7]) & OTLMS([4  5  6]) & HBYSZ([5  6  7]) & LJASZ([5  6  7]) & SCIUI([6  7  8]) & TFZUN([6  7  8]) & MSDIZ([4  5  6]) & CGKZL([5  6  7]) & AHOYS([4  5  6]) & COKNM([6  7  8]) & KJVMU([5  6  7]) & TECXU([6  7  8]) & EDNIR([6  7  8]) & LMXWO([6  7  8]) & XSTPJ([5  6  7]) & VAJSC([4  5  6]) & TUDXT([6  7  8]) & GACAP([6  7  8]) & SIZTC([4  5  6]) & ZVAZO([6  7  8]) & LXRHP([5  6  7]) & XKXHB([6  7  8]) & LRGSI([4  5  6]) & DJFBL([5  6  7]) & SUHGC([4  5  6]) & ICYQV([4  5  6]) & ZJKWB([5  6  7]) & ZGWVV([4  5  6]) & AUWYS([4  5  6]) & PSWQM([5  6  7]) & VKQZF([5  6  7]) & KIGIJ([4  5  6]) & NYGVB([6  7  8]) & XQMPD([4  5  6]) & SXNDO([5  6  7]) & IQHGT([6  7  8]) & OMPDP([4  5  6]) & VPUOL([6  7  8]) & BLBAR([6  7  8]) & FFUMQ([6  7  8]) & XUOZR([6  7  8]) & JOMZP([5  6  7]) & WQGNF([5  6  7]) & WDDGS([4  5  6]) & XVQEQ([4  5  6]) & WUMDN([4  5  6]) & EELVP([4  5  6]) & SLKMB([6  7  8]) & QXMHK([6  7  8]) & VRMGB([4  5  6]) & DDDEF([4  5  6]) & GWHVV([6  7  8]) & GVSSG([4  5  6]) & ZFKOK([5  6  7]) & VRFAB([6  7  8]) & ZLVYU([6  7  8]) & RJZWH([4  5  6]) & PFENW([6  7  8]) & TPGOF([5  6  7]) & TWBRI([4  5  6]) & AYRMN([4  5  6]) & FHORZ([5  6  7]) & ZSXCD([5  6  7]) & SENQI([5  6  7]) & NLARL([5  6  7]) & TICFT([5  6  7]) & YBDUD([6  7  8]) & QSFMW([6  7  8]) & GMUGF([6  7  8]) & NCRUV([4  5  6]) & JPNGG([5  6  7]) & AIDVT([4  5  6]) & ADNGB([4  5  6]) & UAEXY([5  6  7]) & OBVIP([6  7  8]) & ZKRLF([4  5  6]) & RFPAP([6  7  8]) & TNKZK([6  7  8]) & ZQGLO([5  6  7]) & MEAJC([4  5  6]) & PQHFD([5  6  7]) & EOSLZ([5  6  7]) & COMIO([5  6  7]) & UPFZN([6  7  8]) & MPHIY([6  7  8]) & TOJLR([5  6  7]) & UEVTB([5  6  7]) & XNMQB([6  7  8]) & ZXAIP([5  6  7]) & LVZOR([5  6  7]) & BOSTA([5  6  7]) & ATIVG([5  6  7]) & CZXTP([4  5  6]) & RNPWQ([4  5  6]) & KFHGZ([6  7  8]) & MISIU([5  6  7]) & ZKZYD([4  5  6]) & QGEPF([5  6  7]) & TLDVS([5  6  7]) & LCPZZ([4  5  6]) & MNOWK([4  5  6]) & JXSWF([4  5  6]) & EEKAI([6  7  8]) & ZOWIR([6  7  8]) & GDNZN([4  5  6]) & XXTNB([6  7  8]) & VIMGS([6  7  8]) & LTRPR([6  7  8]) & YYNLT([4  5  6]) & UPFBI([6  7  8]) & FBYDE([6  7  8]) & NSJOU([6  7  8]) & CXIUZ([4  5  6]) & WMELZ([4  5  6]) & ELADR([4  5  6]) & ZIQNQ([5  6  7]) & IGITZ([4  5  6]) & PZEWT([4  5  6]) & HAZVB([4  5  6]) & UDIWZ([6  7  8]) & QMQBK([4  5  6]) & WCTLQ([6  7  8]) & PCQMZ([6  7  8]) & VTPCO([4  5  6]) & FKYNW([6  7  8]) & ZHWHE([6  7  8]) & FVHOE([4  5  6]) & SMUHA([5  6  7]) & AAKLQ([5  6  7]) & GPDNJ([5  6  7]) & PXQJJ([6  7  8]) & OXYUA([4  5  6]) & IDNCT([6  7  8]) & OLSNV([5  6  7]) & MHHPX([4  5  6]) & URVPQ([6  7  8]) & JARSH([5  6  7]) & UNYEM([4  5  6]) & KFAZT([4  5  6]) & FNXVS([6  7  8]) & CCSCU([4  5  6]) & PFCKG([6  7  8]) & LVUMK([6  7  8]) & DJUMU([4  5  6]) & ZPZRU([4  5  6]) & AFPJE([4  5  6]) & ZCFZB([6  7  8]) & FFFEL([4  5  6]) & ,211
7,ORJSV([7  8  9]) & JJFSG([5  6  7]) & AFRQP([5  6  7]) & LFCTX([7  8  9]) & PGOUB([5  6  7]) & JQJKB([7  8  9]) & BZWMA([5  6  7]) & BLKMW([7  8  9]) & FEQHM([7  8  9]) & BLIAA([6  7  8]) & AVBUL([7  8  9]) & SALNJ([5  6  7]) & ERUAV([6  7  8]) & QSTCF([5  6  7]) & KFWOV([7  8  9]) & FWJAP([6  7  8]) & KIMVW([7  8  9]) & KKXHH([7  8  9]) & FFFHT([6  7  8]) & AKTNI([6  7  8]) & UURAY([5  6  7]) & FFBCQ([6  7  8]) & PFSCU([5  6  7]) & OHDGC([5  6  7]) & HFOZO([5  6  7]) & MOTSH([7  8  9]) & FQRAH([7  8  9]) & JBBAZ([7  8  9]) & VLOLU([6  7  8]) & HQCKX([6  7  8]) & JZAUT([5  6  7]) & ROPJM([6  7  8]) & XFZTZ([5  6  7]) & JFIHG([5  6  7]) & YXLCS([7  8  9]) & AUBQN([7  8  9]) & XFPDX([5  6  7]) & WYOFL([6  7  8]) & MAQWZ([7  8  9]) & GCPUP([7  8  9]) & NWICD([7  8  9]) & DOHPP([5  6  7]) & VKKEN([5  6  7]) & HMMRE([5  6  7]) & MGYWG([5  6  7]) & ZJOIO([6  7  8]) & DTQVT([7  8  9]) & TEVLS([7  8  9]) & XKDYX([5  6  7]) & XIJOC([6  7  8]) & TAWUX([7  8  9]) & QDKGM([5  6  7]) & SJSPC([7  8  9]) & OMSSR([5  6  7]) & YDOSH([6  7  8]) & GCKTU([7  8  9]) & ZLRDP([7  8  9]) & YQQBS([7  8  9]) & ONJUY([5  6  7]) & JDITD([7  8  9]) & JWIYD([5  6  7]) & LTDHT([5  6  7]) & KLGRA([7  8  9]) & OHOCQ([5  6  7]) & HTRCB([5  6  7]) & LGSHH([6  7  8]) & RYTUA([5  6  7]) & RSZWS([5  6  7]) & CEADV([7  8  9]) & QGTGT([5  6  7]) & UOKBQ([5  6  7]) & UIYXB([7  8  9]) & QULWO([6  7  8]) & OIUIR([7  8  9]) & TUDQQ([7  8  9]) & SKPIB([6  7  8]) & ZDGES([6  7  8]) & WHUAJ([5  6  7]) & KDQGZ([5  6  7]) & MVPNK([7  8  9]) & ZSAQV([5  6  7]) & REIHM([5  6  7]) & TTXIT([7  8  9]) & PZCQB([5  6  7]) & XCCOJ([5  6  7]) & CGKKI([5  6  7]) & HTHHN([7  8  9]) & PPYVS([7  8  9]) & AZGFZ([6  7  8]) & PAPQO([6  7  8]) & IAKTH([5  6  7]) & FBAHN([6  7  8]) & YBAFI([6  7  8]) & XYTMA([6  7  8]) & VAWXB([5  6  7]) & NDABC([5  6  7]) & GMQTZ([5  6  7]) & NZHJH([5  6  7]) & CHLBB([5  6  7]) & QVJIM([7  8  9]) & XVRBT([5  6  7]) & TFXLD([7  8  9]) & WIDEK([6  7  8]) & XDNAB([7  8  9]) & IMDOU([7  8  9]) & WPCHZ([5  6  7]) & EZWQN([7  8  9]) & IONVX([7  8  9]) & YECUH([5  6  7]) & BHIRW([5  6  7]) & MKZVL([7  8  9]) & SCCJP([5  6  7]) & OSZOX([6  7  8]) & EJJZA([7  8  9]) & ZGJZE([5  6  7]) & EWOHT([5  6  7]) & BRJLH([5  6  7]) & RJDPY([7  8  9]) & SZNDZ([5  6  7]) & MKFXE([7  8  9]) & TDXUL([5  6  7]) & EROKO([5  6  7]) & IAHSZ([7  8  9]) & VODFS([6  7  8]) & CJGMP([7  8  9]) & JDLTO([7  8  9]) & CKVKZ([7  8  9]) & TGNLF([5  6  7]) & IFDZK([6  7  8]) & AKWBE([7  8  9]) & IQTWS([7  8  9]) & PTHRU([6  7  8]) & JLKLO([5  6  7]) & AHCUE([7  8  9]) & YOBPH([6  7  8]) & WIFZC([5  6  7]) & ONKEU([5  6  7]) & CYSQX([7  8  9]) & BSIFN([5  6  7]) & GBPYW([6  7  8]) & SJPLX([5  6  7]) & FKDDO([6  7  8]) & JFLDE([6  7  8]) & SJOET([6  7  8]) & XJXMK([7  8  9]) & LXPPK([5  6  7]) & GYDJS([7  8  9]) & YEPZM([6  7  8]) & NOKEB([5  6  7]) & CMVGQ([5  6  7]) & NHPSE([7  8  9]) & YMOWW([6  7  8]) & HGQJQ([5  6  7]) & LUXAR([6  7  8]) & SJDKY([7  8  9]) & KAERX([7  8  9]) & XLQXR([5  6  7]) & LTKPS([7  8  9]) & WTCJK([6  7  8]) & NNDZA([6  7  8]) & YOXQE([5  6  7]) & NYMNX([7  8  9]) & DPPLX([5  6  7]) & POISS([6  7  8]) & IGKFR([7  8  9]) & XEDME([7  8  9]) & XZNDA([7  8  9]) & APJQL([5  6  7]) & RCQLB([7  8  9]) & HEBAK([5  6  7]) & LEPLJ([7  8  9]) & ACGFX([7  8  9]) & WNBJF([6  7  8]) & FKUGG([5  6  7]) & PVRBF([6  7  8]) & CJLFO([5  6  7]) & XXSZQ([5  6  7]) & SVNYF([7  8  9]) & CCUKX([5  6  7]) & XBMWK([7  8  9]) & SRWMU([7  8  9]) & MKIVH([7  8  9]) & TLYDT([5  6  7]) & ETYLJ([6  7  8]) & FLNME([6  7  8]) & RGONA([7  8  9]) & DVTLP([5  6  7]) & EGJBM([5  6  7]) & VYGMV([6  7  8]) & AXXQM([5  6  7]) & OGPNB([7  8  9]) & NCBHL([5  6  7]) & YUYFP([5  6  7]) & JUNAT([7  8  9]) & TVFYZ([5  6  7]) & WMKKF([7  8  9]) & VWMWI([6  7  8]) & UUKDG([6  7  8]) & CDYPB([7  8  9]) & VTDBJ([7  8  9]) & AQXTO([7  8  9]) & VELHT([5  6  7]) & ZNZOZ([7  8  9]) & NJPSD([7  8  9]) & ANJIO([7  8  9]) & YNSQQ([6  7  8]) & ROXJK([7  8  9]) & WBRIZ([6  7  8]) & CYZZR([5  6  7]) & NZNKX([5  6  7]) & OOAVJ([6  7  8]) & HTYXN([5  6  7]) & OUUVN([6  7  8]) & XBYNA([5  6  7]) & GBDMG([5  6  7]) & IUZFJ([6  7  8]) & BCAOO([5  6  7]) & COLJR([7  8  9]) & BAYRJ([5  6  7]) & ,219
8,MUIAZ([7  8  9]) & YETUB([6  7  8]) & OYFPH([7  8  9]) & EWZRJ([6  7  8]) & LZWIC([6  7  8]) & SDFYN([7  8  9]) & RZZSX([8  9  10]) & GHBAG([8  9  10]) & RDNAY([7  8  9]) & ABNRZ([8  9  10]) & IRODM([7  8  9]) & EEOXM([6  7  8]) & BKTFT([8  9  10]) & MTHSA([7  8  9]) & KLPCK([6  7  8]) & LDKCZ([8  9  10]) & JMMHQ([6  7  8]) & PWVRX([7  8  9]) & DCXRO([6  7  8]) & BLFXI([6  7  8]) & WCQFS([6  7  8]) & NVJYE([7  8  9]) & TCENC([7  8  9]) & CWNIS([8  9  10]) & XNHQR([6  7  8]) & EDARM([6  7  8]) & VLRAU([8  9  10]) & EOLZR([6  7  8]) & BUCGP([7  8  9]) & XZVEF([8  9  10]) & HXMLB([6  7  8]) & BVXCB([8  9  10]) & NRWGP([7  8  9]) & UXJNV([8  9  10]) & XHNLK([8  9  10]) & XHPEC([7  8  9]) & YAEFO([8  9  10]) & LNDDS([7  8  9]) & BCSRJ([7  8  9]) & RTYCM([7  8  9]) & CWTOB([6  7  8]) & GRJIH([8  9  10]) & EPUTJ([7  8  9]) & UBNTK([8  9  10]) & KRDCW([7  8  9]) & RUIOJ([6  7  8]) & SHOFE([6  7  8]) & TIDVP([6  7  8]) & MUMPE([7  8  9]) & DTHND([8  9  10]) & ZDVOT([8  9  10]) & EWAQM([6  7  8]) & HAHIZ([6  7  8]) & KRRHV([6  7  8]) & DLNPG([6  7  8]) & JFTHA([6  7  8]) & TNFLN([7  8  9]) & KRHMO([6  7  8]) & TJALY([7  8  9]) & UTFTL([7  8  9]) & JSZEU([6  7  8]) & CVMRA([6  7  8]) & EJQWT([6  7  8]) & FCRCR([7  8  9]) & PWEIW([7  8  9]) & BQBHQ([6  7  8]) & WLGVG([7  8  9]) & FIOQL([8  9  10]) & GDQHS([6  7  8]) & PSXGH([8  9  10]) & PVYKU([6  7  8]) & FENGD([6  7  8]) & BAMCO([8  9  10]) & QUQSO([6  7  8]) & JHWYH([6  7  8]) & WTCXF([6  7  8]) & XVFXG([6  7  8]) & KMVRR([8  9  10]) & LAOZC([6  7  8]) & ETCDU([8  9  10]) & FGCIS([7  8  9]) & KXVTK([6  7  8]) & MAWHK([6  7  8]) & HUJXO([8  9  10]) & GQPHI([7  8  9]) & GSEFM([8  9  10]) & LJNWB([6  7  8]) & ZSKIV([6  7  8]) & ZMYEG([6  7  8]) & JCHOQ([6  7  8]) & DUZMR([6  7  8]) & UOBRB([6  7  8]) & YBNSX([7  8  9]) & HHCAZ([7  8  9]) & AGTFI([6  7  8]) & KKAFT([6  7  8]) & RJRBK([6  7  8]) & UMNGY([7  8  9]) & DVBNU([6  7  8]) & YXJDK([7  8  9]) & RGEBA([6  7  8]) & YLHYT([7  8  9]) & VKKYO([6  7  8]) & UBJGN([6  7  8]) & TGOEG([6  7  8]) & NFXBT([7  8  9]) & WFSMS([6  7  8]) & UUFFQ([8  9  10]) & ZZWDK([8  9  10]) & MCRMS([6  7  8]) & XUTZE([8  9  10]) & QXLPR([8  9  10]) & PGIHB([6  7  8]) & IZWAM([8  9  10]) & NOPTN([8  9  10]) & GHZKK([8  9  10]) & KACDH([7  8  9]) & ASLBB([6  7  8]) & BXPYT([8  9  10]) & XLOMH([7  8  9]) & NIVVG([6  7  8]) & UZIPO([8  9  10]) & EHGOM([7  8  9]) & YETYQ([8  9  10]) & YZKNY([7  8  9]) & WSZXD([8  9  10]) & NZVTX([6  7  8]) & KAWYQ([7  8  9]) & WKWIM([8  9  10]) & AILGB([8  9  10]) & IOLBR([6  7  8]) & TZDVZ([6  7  8]) & NVNAH([6  7  8]) & HVBLX([6  7  8]) & CPDXY([8  9  10]) & QNEXU([7  8  9]) & PGBUG([6  7  8]) & GZDBN([6  7  8]) & TJEXA([7  8  9]) & NMJXB([6  7  8]) & SMIPM([7  8  9]) & WBABU([7  8  9]) & KHLRY([6  7  8]) & TGMBV([8  9  10]) & ETNRC([7  8  9]) & KGHHS([7  8  9]) & QANGO([7  8  9]) & DKBAG([7  8  9]) & IOPBY([6  7  8]) & MGXLY([6  7  8]) & WWQGA([6  7  8]) & TKMHL([6  7  8]) & VMGDW([6  7  8]) & AWQQW([8  9  10]) & TDKBT([6  7  8]) & XKVXF([8  9  10]) & JHWFE([6  7  8]) & VWGWQ([8  9  10]) & ,158
9,EVTEX([9  10  11]) & VFARW([9  10  11]) & HKKLK([8  9  10]) & ZGADR([8  9  10]) & RWQJW([8  9  10]) & THGRL([9  10  11]) & KQBNK([9  10  11]) & DRTOT([7  8  9]) & JDVJZ([8  9  10]) & EJESI([8  9  10]) & ESHBB([7  8  9]) & JDFXI([8  9  10]) & QBXVU([9  10  11]) & EMLXY([8  9  10]) & NDRFB([8  9  10]) & WCAWB([7  8  9]) & CHENW([9  10  11]) & JJQIK([9  10  11]) & KFXKI([7  8  9]) & QRQWO([9  10  11]) & LWGGQ([8  9  10]) & STKVI([8  9  10]) & EJHXQ([7  8  9]) & YXVMY([8  9  10]) & VEQUD([9  10  11]) & RBOHK([7  8  9]) & WMRCC([7  8  9]) & ODAWB([9  10  11]) & NTEWY([9  10  11]) & DDDUV([8  9  10]) & YXCJH([7  8  9]) & OVIXK([7  8  9]) & IDVQK([7  8  9]) & WSYSR([9  10  11]) & AFIRV([7  8  9]) & KQFDG([9  10  11]) & CVWDI([8  9  10]) & AAHKK([8  9  10]) & RHZRZ([9  10  11]) & YRJOV([8  9  10]) & DVWYP([9  10  11]) & LAGZZ([8  9  10]) & GMZQF([7  8  9]) & FCMXO([9  10  11]) & UYDIY([8  9  10]) & KZPQZ([7  8  9]) & ACPRU([9  10  11]) & LMNWB([7  8  9]) & NSUGZ([7  8  9]) & GGQJR([9  10  11]) & OPMQF([9  10  11]) & BZBQN([7  8  9]) & IJHQP([8  9  10]) & XJKAG([8  9  10]) & FPLLG([7  8  9]) & AJTSN([7  8  9]) & GCBRB([8  9  10]) & MXEOL([8  9  10]) & WZPRQ([7  8  9]) & VKVYA([7  8  9]) & VQXVM([7  8  9]) & AYOHW([9  10  11]) & EGQTI([7  8  9]) & VAEBP([8  9  10]) & ZFWUK([7  8  9]) & BEXEB([8  9  10]) & EBVCS([7  8  9]) & ZGWWC([9  10  11]) & PYWIO([8  9  10]) & MLMQH([7  8  9]) & HAIFO([8  9  10]) & GYPSA([7  8  9]) & DNYTT([8  9  10]) & FORGD([9  10  11]) & PNUYL([7  8  9]) & XPNCV([8  9  10]) & FVWKZ([8  9  10]) & WWNKS([7  8  9]) & BQHPN([9  10  11]) & FXDJR([9  10  11]) & UDZDV([9  10  11]) & LTFGY([7  8  9]) & TBGDB([9  10  11]) & QPSLQ([7  8  9]) & YGJCJ([7  8  9]) & SIJMU([8  9  10]) & XIGUU([7  8  9]) & CVKAO([8  9  10]) & QWUBQ([8  9  10]) & PMKYC([7  8  9]) & UWXPY([7  8  9]) & FWBLI([7  8  9]) & RKAAH([7  8  9]) & RTQQO([7  8  9]) & SGBWD([9  10  11]) & QBOKK([8  9  10]) & QSMNZ([9  10  11]) & LIICL([7  8  9]) & WHFXA([7  8  9]) & KYUVQ([7  8  9]) & WJOXS([9  10  11]) & FXPWX([9  10  11]) & TNGAH([8  9  10]) & LJZZX([9  10  11]) & SNKGR([7  8  9]) & XOBTU([8  9  10]) & RDHTI([8  9  10]) & VCGJE([9  10  11]) & OSFND([7  8  9]) & NVIZZ([7  8  9]) & ZGAII([7  8  9]) & ROTOP([9  10  11]) & LEGTV([8  9  10]) & KENJU([9  10  11]) & WRXTW([7  8  9]) & WCWGF([8  9  10]) & CAHIQ([9  10  11]) & ZIBHK([8  9  10]) & WOIZU([7  8  9]) & SRYQH([8  9  10]) & HDQJP([7  8  9]) & BVHRU([9  10  11]) & UHSCW([8  9  10]) & LWQNE([8  9  10]) & SWGRZ([7  8  9]) & PXECN([7  8  9]) & ZTWDW([8  9  10]) & ZNVPW([7  8  9]) & IYJFG([8  9  10]) & WFMUQ([9  10  11]) & KJPTO([9  10  11]) & VBZXL([7  8  9]) & DDJZH([7  8  9]) & YLDIB([9  10  11]) & OQNTU([7  8  9]) & HPGUI([8  9  10]) & DLZHD([9  10  11]) & PSRZW([8  9  10]) & DHHGA([8  9  10]) & WDMLT([9  10  11]) & TENDZ([7  8  9]) & JGHHB([8  9  10]) & SRIOO([7  8  9]) & IHETA([8  9  10]) & LXMJQ([9  10  11]) & OQMIC([8  9  10]) & UNXKI([9  10  11]) & JFZNJ([8  9  10]) & SGKEG([7  8  9]) & QQRRK([8  9  10]) & PMKNH([9  10  11]) & BMRSF([7  8  9]) & PEEDI([7  8  9]) & CPEMS([7  8  9]) & SUMUC([8  9  10]) & JEPSJ([8  9  10]) & WEISO([9  10  11]) & OMCBU([8  9  10]) & XQEEF([8  9  10]) & XQUBD([9  10  11]) & GQAPU([7  8  9]) & BPSPD([8  9  10]) & XDQYV([9  10  11]) & LCOGD([8  9  10]) & NPQHE([9  10  11]) & DEQUZ([9  10  11]) & BUSIS([7  8  9]) & MKNHC([8  9  10]) & COYCJ([8  9  10]) & SKEZK([9  10  11]) & QRHQL([9  10  11]) & OQFSE([9  10  11]) & LBNLZ([9  10  11]) & ONBLP([8  9  10]) & GJAHJ([9  10  11]) & UTCIJ([9  10  11]) & JDRMQ([8  9  10]) & YTXLD([8  9  10]) & JUVYV([9  10  11]) & WQMKE([9  10  11]) & PZJEM([8  9  10]) & GOFPQ([9  10  11]) & CXYOG([9  10  11]) & MSPFU([9  10  11]) & WOZSM([9  10  11]) & LLUAC([9  10  11]) & JQWYI([9  10  11]) & NEXXU([8  9  10]) & LDRRS([7  8  9]) & OXHGA([9  10  11]) & MGGPH([8  9  10]) & RMZBA([7  8  9]) & KZKAE([7  8  9]) & BZBRO([8  9  10]) & ZHNWY([9  10  11]) & IPMFN([7  8  9]) & UWFXU([9  10  11]) & WNOQJ([7  8  9]) & TSEFK([8  9  10]) & HYHXE([9  10  11]) & IPDNI([8  9  10]) & FVSGM([9  10  11]) & KPLMR([7  8  9]) & OMUCR([7  8  9]) & RFXCB([7  8  9]) & AJKPT([9  10  11]) & OTXFR([9  10  11]) & BVINS([9  10  11]) & EFAUU([7  8  9]) & YJITT([9  10  11]) & RJIJZ([7  8  9]) & LQGIN([8  9  10]) & OYEVA([9  10  11]) & NPGPF([9  10  11]) & QGVYZ([7  8  9]) & SWXNQ([9  10  11]) & OKVMI([9  10  11]) & MMZPU([9  10  11]) & LEIQJ([7  8  9]) & WUBBI([8  9  10]) & ,220
10,XEOSZ([8  9  10]) & CSADE([8  9  10]) & IEYFK([10  11  12]) & DVZMR([10  11  12]) & ZLNJA([8  9  10]) & QEIEC([8  9  10]) & RNRLG([10  11  12]) & MQFMK([8  9  10]) & SGAMR([9  10  11]) & FHMLV([10  11  12]) & WMCIY([10  11  12]) & NOEFO([9  10  11]) & AZTKH([8  9  10]) & LITMA([10  11  12]) & AJHGI([8  9  10]) & SYYLF([10  11  12]) & CLMVG([9  10  11]) & AIWGQ([10  11  12]) & LMMTO([8  9  10]) & GTIUR([8  9  10]) & ULFMF([8  9  10]) & RISRW([8  9  10]) & RBOQE([8  9  10]) & LGGTI([9  10  11]) & YQHPN([8  9  10]) & DZOND([9  10  11]) & LYIMU([9  10  11]) & DZIQH([9  10  11]) & WNAUP([8  9  10]) & FACCX([10  11  12]) & IORDY([10  11  12]) & WVYOS([8  9  10]) & FRFRI([8  9  10]) & JOESE([9  10  11]) & ZTPAJ([9  10  11]) & KOXJA([10  11  12]) & OLZHV([8  9  10]) & PKDBF([8  9  10]) & IBYIS([10  11  12]) & KLLVQ([10  11  12]) & APPEN([10  11  12]) & WMEVF([8  9  10]) & AODIT([9  10  11]) & WTVXY([10  11  12]) & BUOKK([8  9  10]) & OXLFV([10  11  12]) & TRWYE([8  9  10]) & TAXKB([10  11  12]) & MIBNR([8  9  10]) & GUBUI([9  10  11]) & VBXGV([8  9  10]) & KGJJP([10  11  12]) & BIMIB([9  10  11]) & LQBZE([9  10  11]) & JMKOZ([9  10  11]) & OFWWC([8  9  10]) & QLAWG([10  11  12]) & IDEFV([8  9  10]) & QMZRH([9  10  11]) & MBXNW([9  10  11]) & IJXXU([10  11  12]) & BQLGW([10  11  12]) & ZHUGK([8  9  10]) & FATKL([10  11  12]) & FJPCM([10  11  12]) & ERGKY([9  10  11]) & SKMGH([9  10  11]) & JOYGG([8  9  10]) & CNDXS([9  10  11]) & BMTUV([10  11  12]) & AWDFO([9  10  11]) & XEFRW([10  11  12]) & KGNHO([9  10  11]) & YOCJB([9  10  11]) & VPLVW([10  11  12]) & ZZSRD([8  9  10]) & NUNRQ([10  11  12]) & GULHT([8  9  10]) & EUOZR([8  9  10]) & MCNQO([8  9  10]) & CHEVN([10  11  12]) & CDPZN([8  9  10]) & AKUMF([8  9  10]) & EXTMC([9  10  11]) & SDAWH([10  11  12]) & NFKUH([9  10  11]) & XRAEZ([8  9  10]) & JBOHS([9  10  11]) & XPTEF([8  9  10]) & UVJDG([9  10  11]) & TJCCZ([8  9  10]) & EIGBS([8  9  10]) & UACKP([8  9  10]) & GUANZ([8  9  10]) & QKNPB([9  10  11]) & QXAPO([10  11  12]) & ZOZQH([8  9  10]) & OGVUV([10  11  12]) & GQLZX([10  11  12]) & SXJPF([8  9  10]) & CRQRL([10  11  12]) & SZDNY([10  11  12]) & BYMUB([9  10  11]) & VHJAQ([8  9  10]) & MWMFT([8  9  10]) & QELRR([8  9  10]) & LPLBI([9  10  11]) & RDFFV([8  9  10]) & BJMLL([8  9  10]) & UDIWD([10  11  12]) & LSREK([8  9  10]) & BUFYH([8  9  10]) & ZBYUH([10  11  12]) & MWXZH([10  11  12]) & EWMLL([8  9  10]) & RRHMI([8  9  10]) & QHBDW([8  9  10]) & HSAPP([9  10  11]) & PDTXU([8  9  10]) & JRWYI([9  10  11]) & TKLMH([8  9  10]) & BZBYN([9  10  11]) & RNYOC([9  10  11]) & MBTQZ([9  10  11]) & IJCDP([9  10  11]) & HTTAX([9  10  11]) & LNZYV([9  10  11]) & KQKSK([10  11  12]) & EPIMT([8  9  10]) & KHJDM([10  11  12]) & NHGES([8  9  10]) & CZCDM([9  10  11]) & KMOWK([10  11  12]) & ZQSNJ([8  9  10]) & IRHQI([10  11  12]) & NRAVL([10  11  12]) & TGPLU([9  10  11]) & OPWJP([9  10  11]) & NLPDV([8  9  10]) & EEBKA([9  10  11]) & HFBEG([10  11  12]) & QYEYY([9  10  11]) & HBKDR([8  9  10]) & LKXYK([10  11  12]) & ZVKWG([10  11  12]) & PQTWS([8  9  10]) & UUFRZ([9  10  11]) & AXIFG([9  10  11]) & YKLSN([9  10  11]) & ZXGTV([8  9  10]) & MZEEC([10  11  12]) & IQHFX([8  9  10]) & VUXJA([8  9  10]) & SQLHE([8  9  10]) & MOIZB([8  9  10]) & LRHXJ([9  10  11]) & RAXNF([9  10  11]) & WTIUQ([8  9  10]) & YAKQJ([9  10  11]) & NLBLB([8  9  10]) & SLQTG([9  10  11]) & SPIRC([9  10  11]) & HWYOL([8  9  10]) & FLGAQ([9  10  11]) & YRJEA([8  9  10]) & YNSMO([9  10  11]) & UPNEM([9  10  11]) & HWWRB([9  10  11]) & EQKTZ([9  10  11]) & WZPQY([10  11  12]) & ZGALG([10  11  12]) & YQXLZ([9  10  11]) & FXNFS([10  11  12]) & VDGUA([9  10  11]) & CDDOS([8  9  10]) & FHMBU([9  10  11]) & GIKXR([8  9  10]) & EMLSA([10  11  12]) & UEJJN([10  11  12]) & ZPQHZ([8  9  10]) & IGYAO([9  10  11]) & BHHGK([10  11  12]) & EMCPR([9  10  11]) & RWFYG([10  11  12]) & XZPDX([9  10  11]) & MAWOY([10  11  12]) & RMKKP([9  10  11]) & JGKFJ([10  11  12]) & LEHOG([8  9  10]) & CJENY([8  9  10]) & GWEZF([9  10  11]) & QILYV([8  9  10]) & QKGFW([10  11  12]) & NXFRN([8  9  10]) & EWWNG([10  11  12]) & GKGWX([8  9  10]) & ZGEWB([8  9  10]) & BKMCV([9  10  11]) & PTQSV([10  11  12]) & MFXBL([10  11  12]) & IMIEV([9  10  11]) & FSWIT([8  9  10]) & SAHVF([9  10  11]) & ZPZJI([9  10  11]) & SFNRQ([8  9  10]) & ZRSDV([10  11  12]) & RCWCU([8  9  10]) & WCDYS([8  9  10]) & SZFFY([10  11  12]) & BGZRQ([8  9  10]) & OWFKB([8  9  10]) & BRXUD([9  10  11]) & KQTVD([8  9  10]) & EGBPX([9  10  11]) & WEAJU([8  9  10]) & XVWHG([8  9  10]) & QAXCV([8  9  10]) & QLCRR([9  10  11]) & XVIEI([8  9  10]) & ZUBTG([9  10  11]) & MGJEY([10  11  12]) & OYIFF([9  10  11]) & SOKVD([9  10  11]) & ICQKW([10  11  12]) & YIHBL([10  11  12]) & DHXEJ([10  11  12]) & SPPSJ([10  11  12]) & WAQHI([9  10  11]) & NPDQG([10  11  12]) & YNEJX([10  11  12]) & MPPQA([9  10  11]) & BSCLW([10  11  12]) & FQJEC([8  9  10]) & ,233
11,QXLVC([10  11  12]) & TASYO([11  12  13]) & SGNNL([11  12  13]) & ENWUD([9  10  11]) & EYDTY([9  10  11]) & NEACF([10  11  12]) & CVOAI([10  11  12]) & GFHME([10  11  12]) & BQIVP([9  10  11]) & XQDPL([10  11  12]) & OVQWD([11  12  13]) & JCXTM([9  10  11]) & WZGUA([10  11  12]) & CECZO([9  10  11]) & GZLWH([11  12  13]) & CBLLJ([10  11  12]) & JFLDU([9  10  11]) & NTZXJ([11  12  13]) & NSIUI([10  11  12]) & HMVZM([11  12  13]) & DOWCR([10  11  12]) & DLABV([9  10  11]) & WACQX([11  12  13]) & INSTI([11  12  13]) & VJVGU([11  12  13]) & ZLKDY([11  12  13]) & WBTAZ([9  10  11]) & PRKEZ([9  10  11]) & BISQM([11  12  13]) & CEDVD([10  11  12]) & NQUZY([10  11  12]) & WMPKT([10  11  12]) & URTLT([11  12  13]) & WNPOL([10  11  12]) & CRXHO([11  12  13]) & YRLLE([11  12  13]) & LHOVK([10  11  12]) & AGWQZ([11  12  13]) & BOKTL([9  10  11]) & UJZGP([10  11  12]) & INHOS([11  12  13]) & YNGKE([9  10  11]) & DWCOT([11  12  13]) & DOIPM([9  10  11]) & BJDZW([10  11  12]) & WGEOI([11  12  13]) & RMBFO([11  12  13]) & VIRRC([10  11  12]) & OBYUE([9  10  11]) & RLSXW([9  10  11]) & NOUVQ([10  11  12]) & YVBXF([9  10  11]) & PPDQX([10  11  12]) & DBJIF([9  10  11]) & DBLBX([10  11  12]) & NKIFW([10  11  12]) & LOQLJ([9  10  11]) & UJTEZ([10  11  12]) & GMGMA([11  12  13]) & NUACL([11  12  13]) & QTRIR([10  11  12]) & CVYFQ([11  12  13]) & BKCNR([10  11  12]) & XBOWJ([9  10  11]) & VBPLE([11  12  13]) & FUCGW([11  12  13]) & NVHXW([9  10  11]) & ADCTR([10  11  12]) & LAUYZ([9  10  11]) & SAXVE([11  12  13]) & VBLPS([11  12  13]) & JOKPS([11  12  13]) & BELRB([11  12  13]) & GETOQ([10  11  12]) & IHDAA([9  10  11]) & OLGHI([10  11  12]) & TNCFA([10  11  12]) & XJWGR([11  12  13]) & YIZOD([10  11  12]) & OVPBE([11  12  13]) & JNKHM([11  12  13]) & PCVRD([10  11  12]) & CDZCK([9  10  11]) & LHVZS([11  12  13]) & NGBKS([9  10  11]) & RCBQG([11  12  13]) & OSLOU([11  12  13]) & LZZDR([11  12  13]) & TIYTV([10  11  12]) & FXLCM([11  12  13]) & KVYOU([9  10  11]) & QMYIV([11  12  13]) & QFROG([11  12  13]) & YCEDW([11  12  13]) & QGORA([10  11  12]) & FCDIF([10  11  12]) & XNCKR([10  11  12]) & ONOIH([10  11  12]) & HVGIT([11  12  13]) & OXCCN([9  10  11]) & PAAUH([9  10  11]) & DGQQF([10  11  12]) & WYANX([11  12  13]) & SXGNO([9  10  11]) & UIDIQ([9  10  11]) & LHDIO([11  12  13]) & FYZHM([9  10  11]) & POTDS([11  12  13]) & PPIVM([10  11  12]) & FMQJS([9  10  11]) & NERNB([10  11  12]) & AZWYT([11  12  13]) & WTIUC([11  12  13]) & ODFUR([10  11  12]) & SIYOZ([11  12  13]) & EBHFJ([9  10  11]) & KTIYA([9  10  11]) & GYKNH([9  10  11]) & SZTVV([9  10  11]) & CADGN([10  11  12]) & RCKYE([9  10  11]) & TQZQB([9  10  11]) & CCBBA([11  12  13]) & DRGWM([11  12  13]) & HLNYD([10  11  12]) & YXUFP([11  12  13]) & OAHAU([11  12  13]) & XODVB([10  11  12]) & MOEHQ([11  12  13]) & TTABX([10  11  12]) & MCHKD([10  11  12]) & RJRRR([10  11  12]) & MPISV([10  11  12]) & KPKWJ([10  11  12]) & HJWUC([11  12  13]) & BPSAB([9  10  11]) & EDRSJ([11  12  13]) & IHJBE([11  12  13]) & NLPRN([10  11  12]) & WPXNU([11  12  13]) & CTCXX([10  11  12]) & PSJIW([9  10  11]) & QXSXJ([9  10  11]) & ECEHA([11  12  13]) & CGJNN([11  12  13]) & ZOJYC([10  11  12]) & ECKCF([9  10  11]) & ZVIXF([10  11  12]) & VIZZN([11  12  13]) & UCJGH([10  11  12]) & PNEXS([11  12  13]) & YSJOM([11  12  13]) & RLKAW([9  10  11]) & CPODJ([9  10  11]) & LYGKP([10  11  12]) & ZRHKJ([11  12  13]) & JIHFM([11  12  13]) & YTGOQ([10  11  12]) & HEQQB([9  10  11]) & KPYDP([10  11  12]) & EWEGR([11  12  13]) & HQTJR([11  12  13]) & FVIJD([11  12  13]) & WTGLM([11  12  13]) & QYOWA([10  11  12]) & IVHBV([11  12  13]) & FQDLU([10  11  12]) & KGSYU([9  10  11]) & FPKFE([11  12  13]) & WZKOP([10  11  12]) & VBLJT([11  12  13]) & FFQOV([11  12  13]) & ZTJOY([10  11  12]) & AAWMK([10  11  12]) & QIOGY([11  12  13]) & SLHIJ([11  12  13]) & YBAVI([10  11  12]) & ICMNE([11  12  13]) & HTJDZ([11  12  13]) & FDTDP([9  10  11]) & CGNYE([11  12  13]) & NMSIV([10  11  12]) & KAWAA([9  10  11]) & YPLKD([10  11  12]) & TVGXV([11  12  13]) & TGWOB([9  10  11]) & FWESX([11  12  13]) & BIGPP([10  11  12]) & RSCHL([11  12  13]) & JSWCZ([11  12  13]) & MCEFB([10  11  12]) & JLBQM([11  12  13]) & GYXQB([11  12  13]) & HFFOG([9  10  11]) & QNNAY([11  12  13]) & MQMYR([11  12  13]) & KNDDU([9  10  11]) & HDVOA([9  10  11]) & UFDLS([10  11  12]) & AGUCE([10  11  12]) & XUUIG([10  11  12]) & LHBJD([11  12  13]) & DXOLR([10  11  12]) & VDENB([11  12  13]) & MNTRL([9  10  11]) & KWHCM([11  12  13]) & VMNBP([9  10  11]) & UXTFA([11  12  13]) & NLZFF([11  12  13]) & FQJKB([10  11  12]) & YOJIV([11  12  13]) & XPJBX([9  10  11]) & FKSGW([9  10  11]) & WTCRS([10  11  12]) & FVTGZ([9  10  11]) & STWDZ([10  11  12]) & ,216
12,JJBCY([12  13  14]) & XXXTO([10  11  12]) & CIJYR([10  11  12]) & QHFUO([10  11  12]) & LDFSG([12  13  14]) & QHNHY([11  12  13]) & MQWAF([12  13  14]) & NICMX([11  12  13]) & FHEAR([10  11  12]) & ZKRNY([12  13  14]) & QPPTK([12  13  14]) & LAGMY([10  11  12]) & QDUXT([10  11  12]) & BUGKU([12  13  14]) & EGMRK([12  13  14]) & GOADT([11  12  13]) & YTILY([12  13  14]) & NEKMH([12  13  14]) & NOFLT([11  12  13]) & NSSTH([12  13  14]) & MBXWH([10  11  12]) & VXYCY([10  11  12]) & VLVSF([11  12  13]) & FFHMA([10  11  12]) & VHRBH([10  11  12]) & AQRZG([12  13  14]) & MXYMM([10  11  12]) & BUSEE([10  11  12]) & UJDBO([10  11  12]) & LZYQN([11  12  13]) & IHRDI([11  12  13]) & PBMCE([12  13  14]) & NSVXL([10  11  12]) & LBSOT([12  13  14]) & SOLMT([11  12  13]) & HXNDA([10  11  12]) & WQZXI([11  12  13]) & QXCSH([11  12  13]) & OFYCH([10  11  12]) & EXWXZ([10  11  12]) & LXZUJ([10  11  12]) & IAPUM([12  13  14]) & POJDD([12  13  14]) & VBAMQ([11  12  13]) & ADYVP([12  13  14]) & OWELQ([10  11  12]) & UOQBE([12  13  14]) & LFMUC([11  12  13]) & FBMOK([11  12  13]) & OGBLM([12  13  14]) & MKDZL([12  13  14]) & TJCVL([12  13  14]) & RHCHB([11  12  13]) & JUNQD([11  12  13]) & UDUWB([10  11  12]) & WBPJC([12  13  14]) & LWFGI([12  13  14]) & YEFOA([11  12  13]) & VGXCF([11  12  13]) & OHMOT([10  11  12]) & JFBCI([12  13  14]) & GGTLT([12  13  14]) & CHOYW([12  13  14]) & XCJNK([12  13  14]) & EPUQW([11  12  13]) & CDNHM([10  11  12]) & WIBHJ([12  13  14]) & YYBQG([10  11  12]) & XIRYB([12  13  14]) & ZHHPS([10  11  12]) & GNSYI([12  13  14]) & AUHSD([11  12  13]) & OVRFW([10  11  12]) & COLCB([12  13  14]) & VADUF([10  11  12]) & GCMYC([12  13  14]) & TRQLZ([12  13  14]) & ALNEK([10  11  12]) & TYVLD([12  13  14]) & JPGSN([11  12  13]) & RSYIJ([12  13  14]) & PKKQV([11  12  13]) & IEUVT([12  13  14]) & KUGLR([10  11  12]) & DUQOX([12  13  14]) & YMAYD([12  13  14]) & EMYWG([10  11  12]) & XMUFT([10  11  12]) & HVBCS([10  11  12]) & HJTIY([10  11  12]) & ATNQH([12  13  14]) & ABDXH([12  13  14]) & OBNJW([10  11  12]) & NDHPA([12  13  14]) & QZCEQ([12  13  14]) & IAEUH([10  11  12]) & JSKUB([10  11  12]) & UDCFJ([12  13  14]) & ISWRU([10  11  12]) & DTSXT([12  13  14]) & QRVDZ([12  13  14]) & FXHAN([10  11  12]) & KDANZ([12  13  14]) & DBGGC([10  11  12]) & GIAOT([10  11  12]) & DSLWE([11  12  13]) & IQAHS([10  11  12]) & TMMOB([12  13  14]) & AUIZS([11  12  13]) & QBDLA([10  11  12]) & JNQLF([10  11  12]) & GNYCZ([12  13  14]) & RAFRE([11  12  13]) & UJTVT([12  13  14]) & BKBBL([10  11  12]) & JAVOR([10  11  12]) & GEHCL([12  13  14]) & CANBT([12  13  14]) & FWRCK([12  13  14]) & KUONJ([12  13  14]) & HLYRC([11  12  13]) & ZEISB([12  13  14]) & LZJCQ([12  13  14]) & SHGCC([10  11  12]) & UGOIV([12  13  14]) & WQJTF([12  13  14]) & DNZYD([12  13  14]) & MHKOS([12  13  14]) & OXLCN([11  12  13]) & WWFUY([12  13  14]) & THHPV([10  11  12]) & EKZJE([11  12  13]) & ZIWCF([11  12  13]) & ZFPXM([10  11  12]) & QKWLG([10  11  12]) & OQDMU([10  11  12]) & PHOGG([11  12  13]) & DOVEL([11  12  13]) & DTTNL([12  13  14]) & EWJEW([12  13  14]) & UDDUY([10  11  12]) & VLCIT([12  13  14]) & ZLXVZ([12  13  14]) & FWBMK([12  13  14]) & GCRYL([12  13  14]) & UGWRL([10  11  12]) & DYOWM([10  11  12]) & ODIGE([11  12  13]) & JKYRZ([12  13  14]) & MPDNG([10  11  12]) & DYWYY([10  11  12]) & UURRB([11  12  13]) & ZYSHB([10  11  12]) & SBVHU([11  12  13]) & IUKRC([10  11  12]) & AAWQT([10  11  12]) & AACNN([12  13  14]) & NYKCH([10  11  12]) & FGMND([12  13  14]) & NKRLN([10  11  12]) & REYRI([10  11  12]) & QGLKN([11  12  13]) & SBWFX([12  13  14]) & EDNTN([10  11  12]) & FDGHP([11  12  13]) & NUSNW([12  13  14]) & UUVQN([11  12  13]) & SHTNP([12  13  14]) & QGWAE([11  12  13]) & XHDDH([12  13  14]) & KKVPC([12  13  14]) & TQION([10  11  12]) & IJTNQ([10  11  12]) & XTJAB([11  12  13]) & VRDGB([12  13  14]) & OZJZG([10  11  12]) & WOWEC([10  11  12]) & IWMMS([12  13  14]) & SFAFA([12  13  14]) & JWOFC([10  11  12]) & YHLWT([12  13  14]) & HVPGG([10  11  12]) & YRHYO([11  12  13]) & HHZXM([11  12  13]) & TVRNE([10  11  12]) & QDETQ([11  12  13]) & DTFZQ([11  12  13]) & HWGGS([10  11  12]) & HEUTU([10  11  12]) & LQHVT([11  12  13]) & RVRKJ([12  13  14]) & QSGET([10  11  12]) & RIBXB([12  13  14]) & NBGFS([11  12  13]) & DSAZM([11  12  13]) & UXULL([11  12  13]) & WHQQP([10  11  12]) & AQRMJ([12  13  14]) & SHRTQ([10  11  12]) & FCGJJ([11  12  13]) & KUUJL([12  13  14]) & ONUIB([11  12  13]) & EUIHD([10  11  12]) & TITJK([11  12  13]) & ZOZJQ([12  13  14]) & ,205
13,ERZRQ([11  12  13]) & XOVCY([13  14  15]) & HSXNZ([13  14  15]) & PBOGE([12  13  14]) & WZPQQ([13  14  15]) & JSDMU([13  14  15]) & MNPVE([11  12  13]) & VTAUG([12  13  14]) & QTWBP([11  12  13]) & YOZGJ([12  13  14]) & ENLCH([12  13  14]) & SHQCZ([12  13  14]) & PJIUR([12  13  14]) & VEDTX([13  14  15]) & ZWCTG([12  13  14]) & SQPCL([13  14  15]) & DVIMM([12  13  14]) & HIKIC([13  14  15]) & MQVRI([12  13  14]) & GKBOI([12  13  14]) & HIJUA([11  12  13]) & IQAWX([13  14  15]) & UXFYR([11  12  13]) & TCIZK([13  14  15]) & GICKF([13  14  15]) & PCATZ([13  14  15]) & LXEUN([11  12  13]) & KUPZJ([11  12  13]) & BZQEI([11  12  13]) & ZZOFQ([13  14  15]) & GOQZI([11  12  13]) & DVUIG([12  13  14]) & LKRWY([13  14  15]) & GNXUU([12  13  14]) & SQVMB([11  12  13]) & CYMGL([11  12  13]) & PBPNO([11  12  13]) & RJUCH([12  13  14]) & IFEYM([11  12  13]) & BRRMH([12  13  14]) & OGOOW([11  12  13]) & ZKECF([11  12  13]) & VBIWA([13  14  15]) & ZLESS([11  12  13]) & LNVKS([11  12  13]) & IEBIR([13  14  15]) & ZPGZA([13  14  15]) & REQRM([13  14  15]) & ECFEL([13  14  15]) & IPEGA([11  12  13]) & DZYVP([13  14  15]) & EHDWQ([13  14  15]) & EQEIW([13  14  15]) & XWHKP([11  12  13]) & LNOAX([13  14  15]) & JTGEH([13  14  15]) & AGMRC([12  13  14]) & SZHCG([13  14  15]) & IWCOU([13  14  15]) & QHBVI([13  14  15]) & MRNOK([11  12  13]) & XMUFV([11  12  13]) & PPHOS([12  13  14]) & KMMWI([13  14  15]) & MLLHX([12  13  14]) & TNDQV([12  13  14]) & UGZED([12  13  14]) & QDEKX([12  13  14]) & IVFIU([11  12  13]) & BOVLA([12  13  14]) & QDZGW([12  13  14]) & KVTMP([13  14  15]) & RVYAS([13  14  15]) & NSPUA([13  14  15]) & SSLRM([11  12  13]) & FHKCA([13  14  15]) & AETDZ([12  13  14]) & OASMT([11  12  13]) & BZTCN([11  12  13]) & RBDYG([11  12  13]) & SPSVJ([13  14  15]) & QAEAN([13  14  15]) & TXLPK([11  12  13]) & QFQSZ([13  14  15]) & OTWXS([13  14  15]) & AAKFT([12  13  14]) & ORGMA([13  14  15]) & CUWGP([12  13  14]) & UMBNP([13  14  15]) & INHTW([13  14  15]) & OKHHO([13  14  15]) & NLHMV([13  14  15]) & BZVAO([12  13  14]) & YLILO([11  12  13]) & DIWOW([12  13  14]) & PVUNW([13  14  15]) & AHCTU([12  13  14]) & BSJMP([12  13  14]) & DIQBE([12  13  14]) & LPZOZ([11  12  13]) & SYKQY([12  13  14]) & BHYDM([13  14  15]) & FWLHI([11  12  13]) & CBHCM([11  12  13]) & SJTKL([13  14  15]) & VCYBJ([13  14  15]) & ACNXA([13  14  15]) & RNLGA([11  12  13]) & LZLHI([12  13  14]) & KQWAK([11  12  13]) & NYEXD([12  13  14]) & BWTGI([11  12  13]) & JSRFB([11  12  13]) & MESUI([11  12  13]) & HBDBO([12  13  14]) & PFZQL([13  14  15]) & IRJXB([13  14  15]) & GOCIE([12  13  14]) & XWBAC([13  14  15]) & EHOCV([13  14  15]) & OIRZV([12  13  14]) & NHKRA([13  14  15]) & AIMMI([13  14  15]) & PTQWJ([12  13  14]) & CAVLD([11  12  13]) & QCZWU([13  14  15]) & KRBHG([13  14  15]) & SKIPG([11  12  13]) & QNXDI([11  12  13]) & SJDDS([13  14  15]) & EUUJJ([13  14  15]) & BSPAI([13  14  15]) & IKYSY([13  14  15]) & NGUFW([11  12  13]) & SEYCV([11  12  13]) & ZGQEY([13  14  15]) & CPMGL([13  14  15]) & WYVIG([13  14  15]) & NTXRQ([13  14  15]) & NXOVM([13  14  15]) & QXXSC([11  12  13]) & IDGBO([11  12  13]) & WVRYD([11  12  13]) & ASKDM([13  14  15]) & FBBPW([12  13  14]) & BCPIJ([11  12  13]) & TBPKT([11  12  13]) & GAARE([11  12  13]) & EEQTH([11  12  13]) & WWERZ([12  13  14]) & FQKCQ([13  14  15]) & FCENN([11  12  13]) & THVBP([13  14  15]) & FWJZE([11  12  13]) & KFJYS([11  12  13]) & OQOTK([13  14  15]) & XQYSK([13  14  15]) & BLCTW([11  12  13]) & FJTYV([13  14  15]) & CLDVY([13  14  15]) & HNMEP([11  12  13]) & XHHNH([11  12  13]) & BFRFF([11  12  13]) & RROWI([13  14  15]) & GDYGW([12  13  14]) & CUOXQ([11  12  13]) & DAYOZ([13  14  15]) & QQIUI([11  12  13]) & CRTHV([13  14  15]) & IUPWB([11  12  13]) & JTVPN([11  12  13]) & AKASR([11  12  13]) & HEKPZ([12  13  14]) & RQLTR([11  12  13]) & FLIJX([13  14  15]) & TISKI([13  14  15]) & PCIAS([11  12  13]) & NUJJD([13  14  15]) & RAUTY([12  13  14]) & AIMYB([13  14  15]) & ,180
14,IJJWF([12  13  14]) & HMFFI([12  13  14]) & UHFAG([12  13  14]) & PRUZC([12  13  14]) & KYMDP([13  14  15]) & ERIQA([14  15  16]) & SUIMP([13  14  15]) & NTSFN([12  13  14]) & TKRNS([12  13  14]) & LYNPU([13  14  15]) & RFOAI([12  13  14]) & OJYWU([12  13  14]) & IAKWF([12  13  14]) & SKFJL([13  14  15]) & PVQNK([12  13  14]) & OCXRZ([14  15  16]) & ETWAW([14  15  16]) & OARWS([13  14  15]) & YRIUS([14  15  16]) & CTPCG([13  14  15]) & WREFD([13  14  15]) & HZNUX([12  13  14]) & AVLZD([13  14  15]) & DSKOA([14  15  16]) & ILTTN([13  14  15]) & BMWEJ([13  14  15]) & ILDUI([12  13  14]) & WVRDJ([14  15  16]) & TNYWS([13  14  15]) & YPOUV([12  13  14]) & PHOQS([12  13  14]) & YAWIU([12  13  14]) & OEUEI([14  15  16]) & QJEAX([12  13  14]) & QDCBP([14  15  16]) & PFWFO([14  15  16]) & TMJMU([13  14  15]) & SEZCN([12  13  14]) & EZNQC([12  13  14]) & JIVLI([13  14  15]) & QRHYE([12  13  14]) & BOAKD([12  13  14]) & OEQQP([14  15  16]) & NPZVP([12  13  14]) & CJZRG([13  14  15]) & MTJLZ([14  15  16]) & QQICP([14  15  16]) & JIMMA([13  14  15]) & SQHVG([13  14  15]) & SAECW([14  15  16]) & AJPQS([13  14  15]) & LFPDJ([12  13  14]) & TZGMV([12  13  14]) & QRMEH([13  14  15]) & NVUFJ([14  15  16]) & SLJNF([14  15  16]) & IVPBF([14  15  16]) & ORVPO([12  13  14]) & WTGAQ([13  14  15]) & EQNSM([13  14  15]) & BXANX([14  15  16]) & VSNPG([12  13  14]) & JZHHI([12  13  14]) & PIGYR([12  13  14]) & ZYEZL([14  15  16]) & GAAYY([12  13  14]) & QQWZW([12  13  14]) & IBXXD([14  15  16]) & DYWHN([12  13  14]) & BWUBP([14  15  16]) & UIFWS([12  13  14]) & ZEXRG([14  15  16]) & WRDPC([14  15  16]) & KAMCB([14  15  16]) & NMWZT([14  15  16]) & OJPXN([14  15  16]) & NSBFG([14  15  16]) & CHQCH([14  15  16]) & VUNOL([12  13  14]) & PGQBY([14  15  16]) & RPDDM([12  13  14]) & JSJJT([14  15  16]) & SFCND([12  13  14]) & OGZQX([13  14  15]) & CIXIC([14  15  16]) & XUKWP([12  13  14]) & YYJSN([12  13  14]) & KKMPV([14  15  16]) & IHVKL([12  13  14]) & NUAQF([12  13  14]) & CFNXD([12  13  14]) & XBFBA([14  15  16]) & WPTRX([12  13  14]) & GQNCD([14  15  16]) & HVEXZ([14  15  16]) & WQFZX([12  13  14]) & IGEFA([12  13  14]) & IPJYQ([14  15  16]) & MAFEJ([12  13  14]) & YSMWU([14  15  16]) & EUFOR([14  15  16]) & NONLB([13  14  15]) & IIGHX([12  13  14]) & EYBEJ([12  13  14]) & FKVLV([14  15  16]) & PNJSP([13  14  15]) & IQRSO([13  14  15]) & GAXUZ([14  15  16]) & DKORJ([13  14  15]) & UDHJY([12  13  14]) & IOFDZ([12  13  14]) & DYEGB([14  15  16]) & KPLKW([12  13  14]) & FAPVU([14  15  16]) & PYDNZ([14  15  16]) & XKRSI([12  13  14]) & QANIX([13  14  15]) & HGGID([14  15  16]) & KRMAP([14  15  16]) & ZQZJE([12  13  14]) & YUZEC([13  14  15]) & GDION([13  14  15]) & FSVFE([14  15  16]) & SXCXY([14  15  16]) & NACWG([12  13  14]) & JMWLJ([14  15  16]) & CBVXF([14  15  16]) & VYTGX([14  15  16]) & RXPZB([13  14  15]) & TBVQE([14  15  16]) & SRZDE([12  13  14]) & SVKEH([13  14  15]) & XKOEM([12  13  14]) & YPGRI([12  13  14]) & DYHDB([13  14  15]) & OATPW([12  13  14]) & JWXMR([14  15  16]) & PYGHM([13  14  15]) & BXLKY([13  14  15]) & LXKUM([14  15  16]) & YKRDC([12  13  14]) & HUJXZ([12  13  14]) & LVSEA([12  13  14]) & ZNZSU([14  15  16]) & EOLFE([13  14  15]) & ZLUHT([13  14  15]) & HDWCM([14  15  16]) & TIOSL([14  15  16]) & JDHWQ([13  14  15]) & FGUSJ([12  13  14]) & VAKBY([13  14  15]) & MIROI([12  13  14]) & KFHOG([13  14  15]) & TRJTF([14  15  16]) & OIMLJ([14  15  16]) & MGEUW([13  14  15]) & LYSBE([14  15  16]) & AACHX([14  15  16]) & OVYKL([13  14  15]) & JTCXC([12  13  14]) & UCPWY([13  14  15]) & GRXRE([13  14  15]) & NHLBY([14  15  16]) & PGUPR([12  13  14]) & CFBNU([12  13  14]) & KIDDO([14  15  16]) & IKUBD([13  14  15]) & DBJKK([12  13  14]) & PMMCO([14  15  16]) & BDSLB([12  13  14]) & NDBIF([14  15  16]) & PUXJP([12  13  14]) & WGEHT([12  13  14]) & BHKOW([13  14  15]) & SKAJQ([14  15  16]) & APQGJ([12  13  14]) & OBCEG([12  13  14]) & PNQTO([12  13  14]) & XHRLB([13  14  15]) & AILIK([12  13  14]) & LXDHM([12  13  14]) & TEBYX([12  13  14]) & TJNLT([14  15  16]) & RESKC([12  13  14]) & QJXJH([13  14  15]) & XKRGY([12  13  14]) & JDJPK([14  15  16]) & OBAEU([12  13  14]) & KNAXM([14  15  16]) & IRDWS([13  14  15]) & NJQIQ([12  13  14]) & UEKZR([14  15  16]) & UJTIN([12  13  14]) & RXWPF([12  13  14]) & RBHDK([12  13  14]) & OFCWN([12  13  14]) & MTPRG([14  15  16]) & UONVA([13  14  15]) & JZGBG([14  15  16]) & AHBUK([13  14  15]) & VWHGZ([12  13  14]) & OHLGW([12  13  14]) & VHIWE([14  15  16]) & MAXFR([14  15  16]) & PDDBF([13  14  15]) & TGLCA([12  13  14]) & ABRQG([12  13  14]) & JTWTF([13  14  15]) & HIHBW([12  13  14]) & SGXCA([12  13  14]) & DFARY([13  14  15]) & OCOSY([12  13  14]) & KECBD([14  15  16]) & JQFNH([13  14  15]) & LFTKP([12  13  14]) & BDIHC([13  14  15]) & SABHJ([13  14  15]) & BIVGE([12  13  14]) & OHRES([12  13  14]) & ,219
15,AAATJ([14  15  16]) & RFYGF([15  16  17]) & DAGOO([14  15  16]) & VLVVN([13  14  15]) & YUFXZ([13  14  15]) & NKYSY([13  14  15]) & VPAFY([13  14  15]) & FIGTJ([15  16  17]) & CKYUC([13  14  15]) & ZLEFO([15  16  17]) & DTEIZ([15  16  17]) & JEYUG([15  16  17]) & IZDEF([15  16  17]) & NSZBW([15  16  17]) & YPAEW([14  15  16]) & MFZUJ([14  15  16]) & MNYJW([14  15  16]) & UIMOJ([14  15  16]) & DMROV([14  15  16]) & QWQCN([13  14  15]) & RNXVA([15  16  17]) & IFIEI([14  15  16]) & RCZAK([13  14  15]) & EDUGA([15  16  17]) & XLNMB([13  14  15]) & EABAP([15  16  17]) & KCDCQ([15  16  17]) & JZXEH([13  14  15]) & WFQNT([14  15  16]) & HZZYR([13  14  15]) & RFIAK([13  14  15]) & DVMHC([13  14  15]) & MGOHI([15  16  17]) & XAHRP([13  14  15]) & HTVCY([13  14  15]) & QXPSN([13  14  15]) & MHCJT([13  14  15]) & PMBVK([14  15  16]) & QUOEI([15  16  17]) & DVDGJ([13  14  15]) & BFFBE([14  15  16]) & MIYYO([14  15  16]) & YCGMQ([13  14  15]) & DVITV([15  16  17]) & QPVNH([15  16  17]) & GMOWG([15  16  17]) & TXAWP([15  16  17]) & POXHI([14  15  16]) & OCCKK([13  14  15]) & GDEDL([13  14  15]) & XHJLS([14  15  16]) & KMHDF([13  14  15]) & TUKIC([13  14  15]) & AUNJW([13  14  15]) & RXTQR([15  16  17]) & YHDPS([15  16  17]) & KZCPI([15  16  17]) & YCZEC([15  16  17]) & YYFSS([14  15  16]) & VJAAT([13  14  15]) & BSLKC([15  16  17]) & OVOIY([15  16  17]) & YICXX([15  16  17]) & VUGQC([15  16  17]) & JFOCQ([15  16  17]) & XJEOM([14  15  16]) & IMONA([13  14  15]) & HEBAO([14  15  16]) & PLCEL([15  16  17]) & OKGDU([15  16  17]) & ZDJRH([14  15  16]) & LLGSB([15  16  17]) & YPEUY([13  14  15]) & KZXIE([14  15  16]) & RHKJZ([14  15  16]) & YWZUI([14  15  16]) & DKKEI([15  16  17]) & IDOEL([15  16  17]) & XCGLP([15  16  17]) & FULWC([15  16  17]) & AGALY([15  16  17]) & BWREB([14  15  16]) & NQBOK([15  16  17]) & DFUMS([14  15  16]) & IIHDW([15  16  17]) & GAGBX([13  14  15]) & TPJAA([15  16  17]) & IWARL([14  15  16]) & NDEPW([15  16  17]) & MSANU([13  14  15]) & RFAFG([14  15  16]) & UARSV([13  14  15]) & LBOZQ([15  16  17]) & TBSHD([15  16  17]) & YXEMZ([15  16  17]) & VKXYS([15  16  17]) & YXADK([13  14  15]) & IBEKR([13  14  15]) & MXQQI([14  15  16]) & VKFED([14  15  16]) & GPVTJ([14  15  16]) & UVOKG([13  14  15]) & DONTB([14  15  16]) & KQFCC([14  15  16]) & TFDUU([13  14  15]) & QBPIL([15  16  17]) & FVWIY([15  16  17]) & UNVRC([15  16  17]) & FTZCB([15  16  17]) & WJNJZ([13  14  15]) & IUSLK([15  16  17]) & TGSOO([15  16  17]) & IYLXV([15  16  17]) & WIAMV([14  15  16]) & WFFPV([13  14  15]) & PEUEJ([13  14  15]) & ILLPB([13  14  15]) & AHHDY([14  15  16]) & OUYBE([14  15  16]) & JAZZQ([14  15  16]) & KEXHN([13  14  15]) & CRUQO([13  14  15]) & RCDZL([13  14  15]) & XFNUZ([13  14  15]) & AKOST([15  16  17]) & JOLHK([13  14  15]) & IJLEG([13  14  15]) & ETWRC([13  14  15]) & RVGLR([15  16  17]) & JVCAX([14  15  16]) & ZNJNG([14  15  16]) & BEYGU([14  15  16]) & CMYRL([13  14  15]) & KYYWK([15  16  17]) & WGWBV([15  16  17]) & PVLDH([14  15  16]) & XPYMC([13  14  15]) & QNCYO([14  15  16]) & UWBTT([15  16  17]) & XZPLI([14  15  16]) & XFGQD([14  15  16]) & GEAGG([13  14  15]) & REDEV([14  15  16]) & OAKMZ([15  16  17]) & CAJYT([15  16  17]) & AWOFK([15  16  17]) & EKLVK([15  16  17]) & MDVFN([14  15  16]) & FIPZH([15  16  17]) & WDFII([15  16  17]) & INLXP([13  14  15]) & RNFGD([14  15  16]) & TCQWO([15  16  17]) & EZASZ([14  15  16]) & LZTRL([14  15  16]) & IOKKA([13  14  15]) & JGMUS([13  14  15]) & XKHZM([13  14  15]) & GJOKG([14  15  16]) & OMZZM([13  14  15]) & FOLNK([14  15  16]) & XXAHK([13  14  15]) & VBTCD([15  16  17]) & AJKTG([15  16  17]) & KCHZX([13  14  15]) & QFWWC([15  16  17]) & IYXVL([13  14  15]) & KCXKF([13  14  15]) & EKENK([15  16  17]) & PUUFS([13  14  15]) & RCLOD([13  14  15]) & VVKXA([14  15  16]) & XCQJX([14  15  16]) & HICSW([15  16  17]) & DNNZZ([13  14  15]) & EYZLW([15  16  17]) & KYYYT([14  15  16]) & DJYII([13  14  15]) & RRDVD([13  14  15]) & TZTKE([15  16  17]) & DHTHZ([13  14  15]) & QBKUF([14  15  16]) & LLCSR([13  14  15]) & VBCIS([14  15  16]) & EOTDC([15  16  17]) & XMVHI([13  14  15]) & NLEFJ([14  15  16]) & CLGFP([13  14  15]) & SKEYI([14  15  16]) & SLOTM([15  16  17]) & MYMDB([15  16  17]) & HTCHE([13  14  15]) & ULSNI([15  16  17]) & OEAOK([14  15  16]) & AJYUV([13  14  15]) & NSWVG([13  14  15]) & QMCKS([13  14  15]) & AAMRN([13  14  15]) & TSWGR([14  15  16]) & KLVXV([15  16  17]) & XMILD([14  15  16]) & ,201
16,VIMXP([15  16  17]) & NIWBQ([16  17  18]) & IIRXP([15  16  17]) & WSCKD([15  16  17]) & NFBVJ([15  16  17]) & LZJJI([15  16  17]) & CRMKH([14  15  16]) & GNNYY([16  17  18]) & EBCCJ([14  15  16]) & DDBMJ([15  16  17]) & ECTWE([15  16  17]) & XHDOH([16  17  18]) & TMCJY([14  15  16]) & RARRS([14  15  16]) & TKNFG([16  17  18]) & ZVUYR([14  15  16]) & LANJQ([16  17  18]) & XZEAI([16  17  18]) & USQTG([14  15  16]) & NKBMU([15  16  17]) & OEJOB([15  16  17]) & EYKVC([16  17  18]) & IBQIY([15  16  17]) & IJZDP([16  17  18]) & QSXSL([16  17  18]) & UNHHM([15  16  17]) & NLQRQ([14  15  16]) & RINEH([14  15  16]) & BYXWV([16  17  18]) & KADKV([16  17  18]) & XLXJP([14  15  16]) & LUWOB([14  15  16]) & JDDMO([15  16  17]) & YCXPI([16  17  18]) & KOKNS([14  15  16]) & FAACU([14  15  16]) & AHVLA([14  15  16]) & VGVGT([14  15  16]) & LPXZD([14  15  16]) & QATTR([14  15  16]) & UJHUV([15  16  17]) & LTSFH([14  15  16]) & FXJNN([14  15  16]) & NHMCJ([16  17  18]) & XKJKQ([15  16  17]) & TLFNA([16  17  18]) & KMXXM([15  16  17]) & WWGOE([16  17  18]) & ZFACH([15  16  17]) & VPYJS([14  15  16]) & NDMGI([15  16  17]) & PQZJH([15  16  17]) & JRDEO([16  17  18]) & HSVSA([16  17  18]) & XSQEE([15  16  17]) & QEJDP([16  17  18]) & WWKVT([14  15  16]) & URGDF([16  17  18]) & IOFVE([16  17  18]) & EEMTZ([16  17  18]) & GIHCG([14  15  16]) & XLLGY([16  17  18]) & UTZWT([16  17  18]) & VNBBG([15  16  17]) & WJCFH([15  16  17]) & DRFKN([16  17  18]) & OVSIP([14  15  16]) & NEUWN([15  16  17]) & WUFIP([14  15  16]) & UAFSV([16  17  18]) & ZAYFG([14  15  16]) & QTXOB([16  17  18]) & XPDTW([14  15  16]) & SFRCM([14  15  16]) & WFJHU([14  15  16]) & UOKKN([14  15  16]) & EDKLO([14  15  16]) & MICSB([16  17  18]) & OIYNO([15  16  17]) & PBPKW([14  15  16]) & CSLFA([16  17  18]) & ARYGZ([16  17  18]) & KFFCB([14  15  16]) & CKVNI([14  15  16]) & HDSQT([15  16  17]) & EPYAD([15  16  17]) & VTNRD([16  17  18]) & SPSLJ([14  15  16]) & HTLHQ([16  17  18]) & XHPQT([15  16  17]) & CAOKE([15  16  17]) & YUXSZ([16  17  18]) & CENIQ([16  17  18]) & FEVIP([14  15  16]) & UTSIY([14  15  16]) & PEKHP([16  17  18]) & MTYFT([14  15  16]) & PPSTC([16  17  18]) & VFZEJ([16  17  18]) & CHWEH([16  17  18]) & NVSIV([15  16  17]) & PTUPW([14  15  16]) & EZUOB([16  17  18]) & JIRUT([14  15  16]) & HSMVY([15  16  17]) & MLARX([16  17  18]) & UTCNI([15  16  17]) & STCQW([14  15  16]) & YRQTX([15  16  17]) & HZLUP([16  17  18]) & SYSDC([16  17  18]) & HNPFG([16  17  18]) & CTZOJ([14  15  16]) & MEVGD([14  15  16]) & AELSI([16  17  18]) & GDPVR([16  17  18]) & DVXFJ([14  15  16]) & MBDIX([15  16  17]) & IXSZA([14  15  16]) & PWXXP([15  16  17]) & BGXYG([16  17  18]) & DODNW([15  16  17]) & DHTMX([14  15  16]) & BDRQS([16  17  18]) & YJHSR([16  17  18]) & KXYWN([14  15  16]) & EXFET([15  16  17]) & GLVVY([16  17  18]) & DFHLE([15  16  17]) & KGWZS([14  15  16]) & DVNTX([16  17  18]) & TXSWP([14  15  16]) & ISFKU([16  17  18]) & KONBV([14  15  16]) & OJBQI([16  17  18]) & MFXZV([16  17  18]) & MAPHL([14  15  16]) & GUDRG([15  16  17]) & RWVVG([16  17  18]) & XJLXP([14  15  16]) & NSYSS([16  17  18]) & ALTYM([15  16  17]) & WAZME([14  15  16]) & UATJP([14  15  16]) & HGVSD([15  16  17]) & FGDYM([15  16  17]) & SKHAU([14  15  16]) & YWSII([16  17  18]) & FKVZG([16  17  18]) & YVGDD([15  16  17]) & IGUHC([14  15  16]) & UQTLA([14  15  16]) & QQIKQ([16  17  18]) & SDLYM([16  17  18]) & EQGPP([14  15  16]) & UCMPM([16  17  18]) & DXXFB([14  15  16]) & OLLVS([16  17  18]) & RLGCE([16  17  18]) & VMQIO([16  17  18]) & CNEQG([14  15  16]) & OMBRC([14  15  16]) & SEIPJ([15  16  17]) & NYBYR([14  15  16]) & WPIVE([14  15  16]) & YQXDF([16  17  18]) & NSZHR([14  15  16]) & PXPDG([14  15  16]) & ALKKU([15  16  17]) & GUUCO([14  15  16]) & QQUGR([14  15  16]) & CEZHB([14  15  16]) & GFSTJ([16  17  18]) & RHCIP([16  17  18]) & MGLMM([14  15  16]) & PVMKB([15  16  17]) & IJCVZ([14  15  16]) & CZSIO([14  15  16]) & WGCTC([16  17  18]) & SGDID([16  17  18]) & EYBSC([15  16  17]) & INNBN([16  17  18]) & CSLYG([16  17  18]) & BTKLX([16  17  18]) & MJJDW([15  16  17]) & MUGMO([16  17  18]) & NAKRV([15  16  17]) & RGQDL([16  17  18]) & CVNHR([15  16  17]) & JCLSJ([14  15  16]) & CFADK([16  17  18]) & FFABM([15  16  17]) & ULMDV([15  16  17]) & HPTBC([16  17  18]) & VTMCK([14  15  16]) & DPYOP([15  16  17]) & MLXRB([14  15  16]) & HOTTU([16  17  18]) & DCMNZ([16  17  18]) & HLPUP([14  15  16]) & BLVCH([15  16  17]) & GEREC([14  15  16]) & CZURB([16  17  18]) & QQKGN([16  17  18]) & QIMQO([16  17  18]) & KXOLC([15  16  17]) & FMFUT([16  17  18]) & XORDO([15  16  17]) & ESHAQ([14  15  16]) & ,209
17,IBTFX([15  16  17]) & KCMXL([15  16  17]) & KGACX([17  18  19]) & YVKUD([17  18  19]) & AYPMK([15  16  17]) & WZSKV([15  16  17]) & XNBIA([15  16  17]) & RCBHP([15  16  17]) & XOPPY([17  18  19]) & PIXEC([17  18  19]) & WEZZT([16  17  18]) & QGBDQ([15  16  17]) & EFMOH([15  16  17]) & GCSHJ([16  17  18]) & AMZGE([15  16  17]) & CWPEA([16  17  18]) & FPKLE([16  17  18]) & YTEAB([17  18  19]) & KIZDH([15  16  17]) & FDFVY([16  17  18]) & XSCGJ([16  17  18]) & RNZZB([15  16  17]) & RVQKD([15  16  17]) & TRVTM([16  17  18]) & OEPRG([15  16  17]) & DDEAW([17  18  19]) & OXXGW([16  17  18]) & KEGFJ([15  16  17]) & DILNO([15  16  17]) & PXEAD([15  16  17]) & TMCSQ([15  16  17]) & FRAQD([17  18  19]) & SBJMQ([17  18  19]) & VZDUV([17  18  19]) & SDHQH([16  17  18]) & NNQVK([17  18  19]) & XORTY([15  16  17]) & KINAK([15  16  17]) & YPSJF([15  16  17]) & HLDCC([17  18  19]) & QSYVK([15  16  17]) & ZMNBB([17  18  19]) & QYOQD([17  18  19]) & YUMLI([16  17  18]) & WFAIA([16  17  18]) & AAOTP([17  18  19]) & OBBDE([15  16  17]) & LJUPL([15  16  17]) & IJCGN([15  16  17]) & SJMEU([15  16  17]) & YRMUU([17  18  19]) & BWUXN([17  18  19]) & FXYEB([15  16  17]) & MCPVL([16  17  18]) & GWTXC([17  18  19]) & VCAWP([17  18  19]) & UJOFX([15  16  17]) & NUDEU([16  17  18]) & KIVLJ([15  16  17]) & WAQAI([15  16  17]) & LPCMU([17  18  19]) & JXEPQ([15  16  17]) & QJNOB([16  17  18]) & HOAEK([17  18  19]) & PTKOO([16  17  18]) & UHEJV([16  17  18]) & CQBAZ([17  18  19]) & CUKPF([17  18  19]) & BZJUO([17  18  19]) & GGLPC([17  18  19]) & HSOJR([16  17  18]) & CHBDC([17  18  19]) & JOQID([15  16  17]) & NVMRT([15  16  17]) & NOGXF([16  17  18]) & TTVRM([17  18  19]) & FQHFC([15  16  17]) & KLCUQ([17  18  19]) & UTFGW([16  17  18]) & ZRTXN([17  18  19]) & ULJBO([16  17  18]) & NUDGO([15  16  17]) & GNOCD([15  16  17]) & LCRCG([15  16  17]) & VZEDO([17  18  19]) & GWWDG([16  17  18]) & KFJMY([17  18  19]) & PJCJU([17  18  19]) & MDNTW([17  18  19]) & WESHE([17  18  19]) & WZXFP([15  16  17]) & YMSEQ([17  18  19]) & SGZTI([17  18  19]) & SZTRB([17  18  19]) & UWNGD([17  18  19]) & WXJOT([16  17  18]) & BERRW([15  16  17]) & GCSGE([17  18  19]) & EXXST([15  16  17]) & FIZPX([17  18  19]) & TCBLE([17  18  19]) & LUJGR([16  17  18]) & DQRTZ([17  18  19]) & TFNHJ([15  16  17]) & LKVTM([17  18  19]) & ZYYTW([17  18  19]) & ZUQKX([16  17  18]) & SLZLU([17  18  19]) & ZAXIU([17  18  19]) & ZHFVF([15  16  17]) & IUZEL([15  16  17]) & NBZED([15  16  17]) & HXCEQ([15  16  17]) & YLHDR([16  17  18]) & NCGGP([16  17  18]) & TSBHY([17  18  19]) & FITOM([17  18  19]) & AJXVB([16  17  18]) & JRCPQ([15  16  17]) & PARDE([16  17  18]) & XHXOG([17  18  19]) & JVYMG([15  16  17]) & VZRUE([17  18  19]) & ULDSB([17  18  19]) & RFIAJ([16  17  18]) & PAAWP([16  17  18]) & RBMLD([15  16  17]) & BVXTL([17  18  19]) & STVYG([15  16  17]) & GWPZI([15  16  17]) & BCLDP([17  18  19]) & LNEYE([17  18  19]) & AJYHR([15  16  17]) & TZGYP([16  17  18]) & HNTTV([17  18  19]) & LPRQQ([15  16  17]) & GNVBY([16  17  18]) & BIZOR([17  18  19]) & OSMLE([15  16  17]) & OPBMQ([15  16  17]) & YCHMC([15  16  17]) & HPAWE([16  17  18]) & UKNDY([17  18  19]) & DHGMA([17  18  19]) & KVUYD([17  18  19]) & DFRZE([15  16  17]) & NLWUO([15  16  17]) & YDRNX([15  16  17]) & ZKHHQ([15  16  17]) & GBPFK([17  18  19]) & ZMKDR([15  16  17]) & XLUZH([15  16  17]) & MQSBY([17  18  19]) & WAVSO([15  16  17]) & ZNHCF([16  17  18]) & TCDZE([17  18  19]) & YWGIH([17  18  19]) & EDWPH([17  18  19]) & YHSMA([16  17  18]) & ZYBAD([15  16  17]) & PGNCY([17  18  19]) & GZMTA([15  16  17]) & YVCZZ([16  17  18]) & GDZZQ([17  18  19]) & UTCWQ([15  16  17]) & IBWZN([17  18  19]) & JDOQG([17  18  19]) & ZPKZD([17  18  19]) & IZTCV([17  18  19]) & NEMMY([15  16  17]) & EHQBG([17  18  19]) & FZUOS([15  16  17]) & JXRTD([16  17  18]) & WLYQU([17  18  19]) & XKZJG([17  18  19]) & LLUHE([16  17  18]) & IRDSG([17  18  19]) & DKWJY([16  17  18]) & YTTAX([15  16  17]) & VOQTG([15  16  17]) & DOMQW([17  18  19]) & NJIMA([17  18  19]) & JFYEP([15  16  17]) & PRHWA([17  18  19]) & DCSJB([15  16  17]) & MEVCS([17  18  19]) & ODRAW([16  17  18]) & FUQUC([16  17  18]) & TRKOJ([15  16  17]) & VZQQR([15  16  17]) & EFFHA([16  17  18]) & PFQFH([15  16  17]) & LOQIZ([15  16  17]) & ,193
18,MYOLD([18  19  20]) & GJGKF([17  18  19]) & MZHAC([18  19  20]) & CITTB([17  18  19]) & INNHP([17  18  19]) & OEYVO([18  19  20]) & DBFMY([16  17  18]) & NEWWX([17  18  19]) & OXIME([16  17  18]) & BZNVG([18  19  20]) & KUWCJ([18  19  20]) & KDYWK([16  17  18]) & WXMZI([16  17  18]) & RGKKG([16  17  18]) & RRVWJ([16  17  18]) & SKKFG([16  17  18]) & USYKJ([16  17  18]) & LBKTD([16  17  18]) & PEKWF([16  17  18]) & AVRFA([18  19  20]) & ODHWD([17  18  19]) & NNQTL([18  19  20]) & OSHVD([18  19  20]) & UVKQX([17  18  19]) & ANBVL([18  19  20]) & OJPEJ([16  17  18]) & KIYMJ([16  17  18]) & KJEOV([18  19  20]) & SWFWN([16  17  18]) & CUUWI([16  17  18]) & ACMIE([18  19  20]) & PTZVO([16  17  18]) & ORDZA([18  19  20]) & RNHMA([18  19  20]) & WLDEN([16  17  18]) & EQRBB([18  19  20]) & LVMHL([16  17  18]) & GULKA([17  18  19]) & PUHLF([18  19  20]) & VTEAB([17  18  19]) & AXWMG([18  19  20]) & RAUFU([16  17  18]) & TOFHW([18  19  20]) & DGSXZ([16  17  18]) & AACYV([16  17  18]) & RGNCR([16  17  18]) & EBZTT([17  18  19]) & XFIQB([18  19  20]) & PPWRI([17  18  19]) & UOTKC([17  18  19]) & MUSDC([17  18  19]) & VYREE([17  18  19]) & TUWGG([18  19  20]) & GVEXV([18  19  20]) & NSKHP([18  19  20]) & NCXJW([17  18  19]) & GZTOQ([18  19  20]) & VPVNT([17  18  19]) & TCSSI([16  17  18]) & ILABN([17  18  19]) & RYSAY([18  19  20]) & VNMED([16  17  18]) & TBGJA([17  18  19]) & CLHFB([18  19  20]) & FMDNQ([17  18  19]) & WCRBN([16  17  18]) & TQCFH([16  17  18]) & JQYLB([16  17  18]) & ANTGM([16  17  18]) & HLGMZ([16  17  18]) & OOAJC([18  19  20]) & NGUIA([18  19  20]) & YGJCF([17  18  19]) & VFXQC([17  18  19]) & YIDFU([18  19  20]) & WPUKN([18  19  20]) & ZCREV([16  17  18]) & VKRZW([16  17  18]) & EUXBI([16  17  18]) & MYKEB([16  17  18]) & IFJDW([17  18  19]) & JDNXZ([17  18  19]) & QCZOY([16  17  18]) & VLXTG([16  17  18]) & LRWZQ([18  19  20]) & YVIKB([16  17  18]) & USUXJ([17  18  19]) & OBNYP([18  19  20]) & GUCGM([18  19  20]) & SYKBB([18  19  20]) & WCTGJ([17  18  19]) & WPIUD([16  17  18]) & TBUZI([18  19  20]) & NHSXI([17  18  19]) & RNSNM([17  18  19]) & LVUIM([18  19  20]) & EWWTC([18  19  20]) & YWBWL([18  19  20]) & LTLAG([17  18  19]) & AFOVF([17  18  19]) & SJHXM([18  19  20]) & PKTXI([17  18  19]) & EIZJT([17  18  19]) & FWATO([16  17  18]) & BHBUP([16  17  18]) & RVSIR([16  17  18]) & OSEXY([16  17  18]) & ZJUPT([17  18  19]) & NZAFZ([18  19  20]) & YOLHF([16  17  18]) & MMEGD([17  18  19]) & IRCUI([16  17  18]) & WQUBS([17  18  19]) & MPFLI([16  17  18]) & GNPUN([18  19  20]) & SUAUG([16  17  18]) & CZZLT([17  18  19]) & JCBRS([18  19  20]) & SFOVN([16  17  18]) & DLQSC([16  17  18]) & QNQUM([16  17  18]) & INJOA([18  19  20]) & ZIWRE([16  17  18]) & CJPPB([17  18  19]) & EQEAK([18  19  20]) & CHZXD([17  18  19]) & VXPEO([18  19  20]) & CHEGX([18  19  20]) & SVDKK([18  19  20]) & WBSQY([16  17  18]) & GGONG([18  19  20]) & XRNWO([17  18  19]) & GQRBQ([16  17  18]) & KRYYL([18  19  20]) & ZKZRM([16  17  18]) & ZQPVU([16  17  18]) & RIEAV([16  17  18]) & FYFDO([17  18  19]) & BWDZW([16  17  18]) & KEKWD([16  17  18]) & OSXMH([16  17  18]) & ICLRX([16  17  18]) & OPXLL([18  19  20]) & UMSJD([18  19  20]) & PNWZA([17  18  19]) & NTACB([17  18  19]) & PSYQC([17  18  19]) & OQMKI([16  17  18]) & BUMMF([18  19  20]) & VVXJX([16  17  18]) & KMSPQ([17  18  19]) & GBTZD([17  18  19]) & GWKSE([18  19  20]) & GBJOP([17  18  19]) & KUPBN([18  19  20]) & ADOOY([17  18  19]) & EAMFJ([18  19  20]) & MYVPQ([16  17  18]) & JXURS([18  19  20]) & AAMHZ([16  17  18]) & UQIQA([18  19  20]) & RHPLL([17  18  19]) & TNZHP([17  18  19]) & OFGCJ([18  19  20]) & KXTBT([16  17  18]) & WAXXK([16  17  18]) & NVTCE([16  17  18]) & TYUAW([18  19  20]) & UVEGW([16  17  18]) & IHKIL([18  19  20]) & TWBXW([18  19  20]) & ULTTW([16  17  18]) & KMGUR([17  18  19]) & XWDYR([16  17  18]) & AFVRA([16  17  18]) & AYPWF([18  19  20]) & UWNWN([18  19  20]) & MXNYF([17  18  19]) & DMZFA([16  17  18]) & OVXLJ([16  17  18]) & PDHXV([17  18  19]) & IQPPI([17  18  19]) & MVXCP([18  19  20]) & AMAKQ([16  17  18]) & AKQKZ([17  18  19]) & IJHOP([16  17  18]) & RZVZG([18  19  20]) & YESWK([17  18  19]) & XXZHX([18  19  20]) & WUIWW([17  18  19]) & SFMCN([17  18  19]) & ZVQPI([16  17  18]) & QSXZR([18  19  20]) & ,193
19,LAKKI([19  20  21]) & EYAMZ([19  20  21]) & LPJFO([17  18  19]) & SFEFT([17  18  19]) & YMDJT([19  20  21]) & EQYQF([17  18  19]) & TRIPM([17  18  19]) & IVLBJ([17  18  19]) & XSNJT([19  20  21]) & YLTDG([17  18  19]) & CVSZW([19  20  21]) & PASPW([19  20  21]) & JSZOL([17  18  19]) & FMOCU([19  20  21]) & GPZBD([17  18  19]) & SISMA([19  20  21]) & GIRTS([17  18  19]) & IAPUT([18  19  20]) & BGHMT([19  20  21]) & SLLPD([19  20  21]) & SSSBS([18  19  20]) & TMKLC([19  20  21]) & CGNGG([18  19  20]) & YYOOE([18  19  20]) & GEJQM([17  18  19]) & THVMG([19  20  21]) & IMNJH([17  18  19]) & ZKEIM([19  20  21]) & LHFZD([18  19  20]) & EKJTU([17  18  19]) & PCAFC([18  19  20]) & HYXUV([17  18  19]) & TPHFU([18  19  20]) & SIHZZ([19  20  21]) & EFVTE([19  20  21]) & FBSAL([17  18  19]) & OPKON([17  18  19]) & ALWUK([17  18  19]) & CJZSE([18  19  20]) & FLRGP([19  20  21]) & TRZQG([18  19  20]) & ESDQK([17  18  19]) & RLKWY([19  20  21]) & IDINY([18  19  20]) & OIJEO([18  19  20]) & RMOJR([19  20  21]) & EKFGN([17  18  19]) & KXVYV([17  18  19]) & CYOVR([19  20  21]) & TRIJP([19  20  21]) & AXMII([17  18  19]) & TGYNQ([17  18  19]) & RCKMH([18  19  20]) & RPHEI([17  18  19]) & ZYYIS([19  20  21]) & AOCBN([17  18  19]) & TRMUE([18  19  20]) & DGJVP([17  18  19]) & WQQRO([17  18  19]) & EHUVZ([19  20  21]) & GPCBM([19  20  21]) & VMMXG([19  20  21]) & PVMPD([17  18  19]) & UUQAK([17  18  19]) & IVNNP([19  20  21]) & RBKAN([18  19  20]) & HZDFN([19  20  21]) & FBLJS([17  18  19]) & UQAJZ([17  18  19]) & SAGNB([19  20  21]) & IXSAN([19  20  21]) & JSZNB([18  19  20]) & JYJKB([18  19  20]) & LNDKP([19  20  21]) & JJZEK([17  18  19]) & RYUCM([18  19  20]) & AOFTY([18  19  20]) & NEHPI([18  19  20]) & OIOVW([18  19  20]) & HSQVM([17  18  19]) & XVMKH([18  19  20]) & JPTBC([19  20  21]) & VUBFI([17  18  19]) & XHTWS([19  20  21]) & BDNUD([18  19  20]) & IUEXK([17  18  19]) & LLUCC([17  18  19]) & SLLJA([19  20  21]) & BSGNC([17  18  19]) & EAZWP([19  20  21]) & ZCJOF([18  19  20]) & HUUAP([17  18  19]) & PMFQW([19  20  21]) & UQCJI([17  18  19]) & HKHFG([19  20  21]) & TOJIS([17  18  19]) & DFZUQ([19  20  21]) & AGVMW([17  18  19]) & XDSND([18  19  20]) & ESYZK([19  20  21]) & PKNUH([19  20  21]) & KQETP([18  19  20]) & NAUKH([18  19  20]) & ELGFF([18  19  20]) & WGDTP([17  18  19]) & CPQRG([17  18  19]) & ZVKST([17  18  19]) & WWHVC([17  18  19]) & EKEWC([17  18  19]) & KGAPM([17  18  19]) & HQDIZ([18  19  20]) & MHQEP([19  20  21]) & CYRAP([17  18  19]) & YHIQY([19  20  21]) & KLIXZ([17  18  19]) & PAXOS([19  20  21]) & KISOB([17  18  19]) & GTBPT([19  20  21]) & GFEEI([19  20  21]) & IDBGJ([19  20  21]) & HLCGG([17  18  19]) & XHSRC([18  19  20]) & FJHVG([19  20  21]) & TKKCV([17  18  19]) & MRZDG([17  18  19]) & YMUNE([18  19  20]) & HGQKK([19  20  21]) & WQMGG([17  18  19]) & QDQLJ([18  19  20]) & NADVH([18  19  20]) & QMXVA([19  20  21]) & URESV([17  18  19]) & VFFBU([17  18  19]) & HZEUJ([17  18  19]) & DEWMA([19  20  21]) & PDJQM([17  18  19]) & HOILR([17  18  19]) & DIKGB([18  19  20]) & GEIET([17  18  19]) & MPEHD([17  18  19]) & USVDF([17  18  19]) & JKHAX([17  18  19]) & NBXYX([19  20  21]) & GSKVI([18  19  20]) & ZJNDX([19  20  21]) & RBSVR([18  19  20]) & MDMIY([19  20  21]) & IZQAN([19  20  21]) & WNQUY([19  20  21]) & KYSWO([18  19  20]) & NLEZE([19  20  21]) & WWWGL([19  20  21]) & SOUBA([17  18  19]) & XDACH([18  19  20]) & FIUKL([19  20  21]) & LHSXJ([19  20  21]) & BQXYQ([19  20  21]) & HNNQM([17  18  19]) & FNZOV([18  19  20]) & FWBNH([19  20  21]) & WKCGN([18  19  20]) & KPOND([19  20  21]) & UPOFV([17  18  19]) & FTRQT([19  20  21]) & SDMVM([18  19  20]) & EWNAN([17  18  19]) & FLHTF([18  19  20]) & YLDLT([19  20  21]) & RALHN([19  20  21]) & QJLYL([18  19  20]) & RBGYC([18  19  20]) & LXWCG([19  20  21]) & MHWSA([17  18  19]) & RTBYN([18  19  20]) & KBHVR([19  20  21]) & LPIQF([18  19  20]) & SCEQD([19  20  21]) & NMEOD([18  19  20]) & HJVLN([19  20  21]) & QIUUY([18  19  20]) & YBAIT([19  20  21]) & AXATN([18  19  20]) & MXEXL([17  18  19]) & IXVHS([18  19  20]) & BYVZM([17  18  19]) & INDXG([19  20  21]) & QQAXQ([19  20  21]) & MDQVK([17  18  19]) & IPGQM([18  19  20]) & PYWRV([18  19  20]) & VIYCC([18  19  20]) & WMCOS([19  20  21]) & PKPKD([17  18  19]) & CIVWB([17  18  19]) & JSWFW([19  20  21]) & IILVE([17  18  19]) & IYDFK([19  20  21]) & YEDGY([18  19  20]) & UBPXU([19  20  21]) & UCNYQ([19  20  21]) & RWAWB([17  18  19]) & VAVIT([17  18  19]) & LTQYK([19  20  21]) & ,203
20,OCEEG([20  21  22]) & PTHDC([18  19  20]) & MBMNM([18  19  20]) & BHMGF([19  20  21]) & STDMQ([20  21  22]) & NITMH([19  20  21]) & ZFOXX([20  21  22]) & IGGMB([18  19  20]) & YBYLG([19  20  21]) & OLTAF([20  21  22]) & ZTLFR([20  21  22]) & OCOTL([20  21  22]) & TUMHN([19  20  21]) & CGEKM([19  20  21]) & SOGRK([18  19  20]) & VXUVM([19  20  21]) & AXIQU([18  19  20]) & BEXHE([20  21  22]) & GSRNC([19  20  21]) & GNIBC([18  19  20]) & USEYP([20  21  22]) & KFOVC([19  20  21]) & MHJFG([19  20  21]) & QVIFC([20  21  22]) & DEOLX([20  21  22]) & JGEBQ([19  20  21]) & VUJZV([20  21  22]) & OYBLD([20  21  22]) & HOTXM([20  21  22]) & CIUQY([20  21  22]) & DRCMW([20  21  22]) & QQCQG([19  20  21]) & OFDNF([18  19  20]) & YOCXA([18  19  20]) & MFYPI([20  21  22]) & OMTNB([18  19  20]) & IKOKM([18  19  20]) & UKANC([18  19  20]) & LETPZ([20  21  22]) & MBWDC([18  19  20]) & OUSKA([19  20  21]) & LJCLC([20  21  22]) & DKYWW([20  21  22]) & MORPF([19  20  21]) & RETPU([20  21  22]) & YBIHG([19  20  21]) & CKZKK([20  21  22]) & CESEK([19  20  21]) & SJEAM([20  21  22]) & TFYTO([18  19  20]) & NEBCG([20  21  22]) & NLBSK([18  19  20]) & LRSVO([18  19  20]) & PPXRA([19  20  21]) & UEWNR([19  20  21]) & PUUXI([20  21  22]) & DKVWP([18  19  20]) & AEBXL([19  20  21]) & MHEFO([18  19  20]) & FHSCC([19  20  21]) & LHXJN([18  19  20]) & FNZQA([18  19  20]) & TLUZY([18  19  20]) & LTEIG([18  19  20]) & MNVCQ([19  20  21]) & KKRDZ([20  21  22]) & LWYOE([19  20  21]) & HSOHE([18  19  20]) & JLTAQ([18  19  20]) & IJVST([20  21  22]) & GHPYW([18  19  20]) & GHNCA([20  21  22]) & IBZDN([18  19  20]) & DICPQ([18  19  20]) & ZJJDF([20  21  22]) & KLQNB([18  19  20]) & DHVXR([19  20  21]) & YXYIB([20  21  22]) & JKSQX([18  19  20]) & FKCIW([18  19  20]) & HGOAR([20  21  22]) & KSMER([20  21  22]) & KNBPO([20  21  22]) & CEUAV([20  21  22]) & ZTUGS([20  21  22]) & HTAPS([18  19  20]) & CLTMS([18  19  20]) & QBNSE([18  19  20]) & QKATZ([18  19  20]) & RYISS([20  21  22]) & LRUMC([20  21  22]) & NEULJ([18  19  20]) & SNUPO([19  20  21]) & VWMIS([20  21  22]) & TNWFZ([20  21  22]) & FOWOP([18  19  20]) & BOMLI([18  19  20]) & ZXXUM([20  21  22]) & UVSGE([18  19  20]) & LLKJR([19  20  21]) & JBVQC([18  19  20]) & MEWGM([20  21  22]) & WCVYH([20  21  22]) & PBGFI([19  20  21]) & YKZRO([18  19  20]) & MEJZK([20  21  22]) & WKQOF([18  19  20]) & XKKOJ([20  21  22]) & MPCEF([19  20  21]) & RAFGO([19  20  21]) & KRTDX([18  19  20]) & JIFBK([20  21  22]) & GPNNP([20  21  22]) & MGOOS([18  19  20]) & QNOZT([19  20  21]) & UFWIP([20  21  22]) & MQONU([19  20  21]) & FNJZK([18  19  20]) & QZUXO([19  20  21]) & PGYSB([20  21  22]) & NHLSS([18  19  20]) & LQYIF([18  19  20]) & TCINC([18  19  20]) & NFYNO([18  19  20]) & IIPAC([19  20  21]) & HDIUF([20  21  22]) & TZYGZ([20  21  22]) & QDSWY([20  21  22]) & VATSF([19  20  21]) & GQHAO([20  21  22]) & UHCHX([20  21  22]) & YGMQT([19  20  21]) & YGAZM([19  20  21]) & SJHXD([20  21  22]) & HDEPR([19  20  21]) & DEJIV([18  19  20]) & QARZF([19  20  21]) & RCVAZ([20  21  22]) & KVPQR([19  20  21]) & MTUSV([18  19  20]) & QUCOI([19  20  21]) & MVDTI([19  20  21]) & AARPV([20  21  22]) & LWTQJ([20  21  22]) & HBORE([18  19  20]) & PZSWJ([18  19  20]) & QSOIP([19  20  21]) & UVTKO([18  19  20]) & TJVZT([18  19  20]) & ZNBAL([19  20  21]) & AXKYL([20  21  22]) & GKVDB([20  21  22]) & POYWV([20  21  22]) & YEAVO([18  19  20]) & DZUVS([19  20  21]) & ZRYWS([19  20  21]) & LYZPC([20  21  22]) & VKEZC([19  20  21]) & DOIPG([18  19  20]) & HUUJA([20  21  22]) & GMHMX([20  21  22]) & HDCNM([18  19  20]) & ZJUSH([18  19  20]) & YEVTL([19  20  21]) & UBPSA([19  20  21]) & RZESW([20  21  22]) & UZUXP([18  19  20]) & PPFVB([19  20  21]) & NGEQB([18  19  20]) & MLBHR([18  19  20]) & LJHVY([20  21  22]) & LXNDT([18  19  20]) & ESVXX([18  19  20]) & ZNUOO([18  19  20]) & WQWNU([20  21  22]) & FXZUB([18  19  20]) & FOKKW([18  19  20]) & INTRP([19  20  21]) & LFBDT([18  19  20]) & JZHCJ([18  19  20]) & AHGWU([20  21  22]) & LTFRU([19  20  21]) & VMUNC([19  20  21]) & WFGQK([20  21  22]) & GXSFE([19  20  21]) & BHDUV([18  19  20]) & URMXY([18  19  20]) & YINZC([18  19  20]) & XAHTW([20  21  22]) & JDFRJ([18  19  20]) & GNLOT([20  21  22]) & LPNAG([18  19  20]) & DOZON([20  21  22]) & SBZFE([20  21  22]) & LNLUS([18  19  20]) & VWEWL([20  21  22]) & TWZHN([18  19  20]) & DZRDW([19  20  21]) & VEYSG([20  21  22]) & IOPBM([18  19  20]) & ZSJJF([20  21  22]) & TCGCP([20  21  22]) & RWACA([18  19  20]) & BFQXD([20  21  22]) & JMVHD([20  21  22]) & OXTDN([18  19  20]) & MWMQZ([20  21  22]) & JPYLR([18  19  20]) & NHFBS([20  21  22]) & JRIAU([18  19  20]) & QMSBF([20  21  22]) & WXXAK([20  21  22]) & DWTZP([18  19  20]) & UXKZN([20  21  22]) & EBQBG([19  20  21]) & HZNCX([18  19  20]) & GFHSQ([18  19  20]) & UCMSH([18  19  20]) & PINDC([20  21  22]) & FSVAS([20  21  22]) & GUWTZ([19  20  21]) & KTROO([19  20  21]) & JJBGS([20  21  22]) & YXBSQ([18  19  20]) & ODEUZ([19  20  21]) & GWNOU([20  21  22]) & ORIUX([20  21  22]) & ,227
21,MBNCL([19  20  21]) & IARHW([21  22  23]) & QDQRX([21  22  23]) & GPVHQ([19  20  21]) & QEGUP([19  20  21]) & WDUDS([20  21  22]) & FZKLH([21  22  23]) & RGNEF([20  21  22]) & AJSON([21  22  23]) & GLRYV([20  21  22]) & NNIMU([20  21  22]) & ENNEH([21  22  23]) & EZLBG([21  22  23]) & AZFVM([21  22  23]) & MCDKI([21  22  23]) & UBQQZ([21  22  23]) & QSIBF([19  20  21]) & XFXOD([21  22  23]) & LVEJQ([20  21  22]) & FZTHI([19  20  21]) & XCDPY([20  21  22]) & NDLNL([21  22  23]) & ISNOE([21  22  23]) & NFEHZ([20  21  22]) & PZJTZ([20  21  22]) & GLUHL([20  21  22]) & OERFP([21  22  23]) & IGREQ([19  20  21]) & YUXZU([20  21  22]) & RTFYX([19  20  21]) & EDISQ([21  22  23]) & QHBSF([20  21  22]) & QVBWA([19  20  21]) & MAFPZ([20  21  22]) & BIEDJ([19  20  21]) & LSCMG([19  20  21]) & FPLNU([21  22  23]) & DAXBO([21  22  23]) & WNWIG([21  22  23]) & VJNQQ([21  22  23]) & LKRRL([20  21  22]) & XPUMX([20  21  22]) & ANESB([19  20  21]) & YELZC([21  22  23]) & MLLJM([21  22  23]) & HSRYG([20  21  22]) & JASNQ([19  20  21]) & FMTJI([20  21  22]) & GSPZM([19  20  21]) & ENDVW([20  21  22]) & IDABB([20  21  22]) & ISPJX([19  20  21]) & XBVDU([21  22  23]) & JIWFJ([19  20  21]) & KHNHP([21  22  23]) & OHXHS([19  20  21]) & PHRUA([20  21  22]) & OLAOM([19  20  21]) & ISNXR([21  22  23]) & KVSJV([20  21  22]) & CQIKS([21  22  23]) & ZAJSA([20  21  22]) & VKQXU([20  21  22]) & SQWIM([19  20  21]) & ZYEFJ([21  22  23]) & KOGWL([19  20  21]) & VDQOL([21  22  23]) & CVRFH([21  22  23]) & MMOFA([19  20  21]) & DPUWE([20  21  22]) & UNKBS([19  20  21]) & ENOWH([21  22  23]) & EUVUT([21  22  23]) & WORHN([20  21  22]) & GUMZS([19  20  21]) & IZTRB([20  21  22]) & NAUVJ([21  22  23]) & SXTTE([19  20  21]) & UQCTA([21  22  23]) & UDHGF([21  22  23]) & BEZCH([19  20  21]) & QEFWJ([21  22  23]) & IREAT([21  22  23]) & LMNWA([19  20  21]) & SESXN([21  22  23]) & JBGZV([21  22  23]) & WIGKQ([21  22  23]) & KIIRT([21  22  23]) & JFTVA([19  20  21]) & YEHAM([21  22  23]) & IQEYQ([21  22  23]) & NCPBZ([19  20  21]) & BYJOB([20  21  22]) & DRVTF([20  21  22]) & PEMNJ([21  22  23]) & UPNQT([21  22  23]) & FILDT([19  20  21]) & WNXGL([19  20  21]) & TWWFS([21  22  23]) & BEKRP([19  20  21]) & TRNID([20  21  22]) & XLZVJ([20  21  22]) & JQPRP([20  21  22]) & VNXOF([20  21  22]) & GUCOI([19  20  21]) & IBCQU([20  21  22]) & MDXKJ([19  20  21]) & UVJXC([19  20  21]) & UZRFA([21  22  23]) & OEBBU([20  21  22]) & STPRW([19  20  21]) & KGDGL([21  22  23]) & KPIHZ([21  22  23]) & QVQJO([19  20  21]) & RCGHV([19  20  21]) & OTSCI([19  20  21]) & GSTBV([21  22  23]) & SXTRC([21  22  23]) & AUELJ([19  20  21]) & GSUZK([21  22  23]) & EZJRS([20  21  22]) & AIRLJ([20  21  22]) & DZKMR([21  22  23]) & UCSML([21  22  23]) & XPQWX([19  20  21]) & XRIGC([20  21  22]) & HBLRP([21  22  23]) & QMQHS([20  21  22]) & IUZZQ([19  20  21]) & EPVVT([20  21  22]) & EUYEE([20  21  22]) & RUHBB([21  22  23]) & JEOPF([20  21  22]) & FUEQX([20  21  22]) & LOTBY([21  22  23]) & VQHJW([19  20  21]) & ZSVAP([19  20  21]) & CATGF([21  22  23]) & BQKXP([19  20  21]) & AHBZJ([21  22  23]) & VIIVQ([21  22  23]) & MLCOX([19  20  21]) & HWLUB([21  22  23]) & QDRUU([21  22  23]) & IOVUF([20  21  22]) & MSYIH([19  20  21]) & YLWZD([21  22  23]) & CPOJM([19  20  21]) & UOHUN([21  22  23]) & ZDFVU([19  20  21]) & QRMHA([20  21  22]) & PKACM([21  22  23]) & MDZJL([20  21  22]) & ECBDM([19  20  21]) & LEARD([19  20  21]) & TBROB([20  21  22]) & QCSZU([19  20  21]) & OWSXO([19  20  21]) & HMTCA([21  22  23]) & GAOVX([19  20  21]) & HDGEA([20  21  22]) & PNAZK([20  21  22]) & HBQGI([19  20  21]) & YBWYQ([21  22  23]) & QRJRF([19  20  21]) & BFMEJ([21  22  23]) & VISJR([21  22  23]) & SBBLM([21  22  23]) & ONJTM([21  22  23]) & SVDEG([19  20  21]) & XLHUT([19  20  21]) & QBZQS([19  20  21]) & SGLAP([21  22  23]) & HTEKR([21  22  23]) & NVGLA([21  22  23]) & IYOLK([21  22  23]) & GNRSH([19  20  21]) & APHTK([20  21  22]) & YTDCZ([21  22  23]) & NPMNI([21  22  23]) & EHEGQ([20  21  22]) & MXGSZ([21  22  23]) & MAGJK([19  20  21]) & RDIUG([21  22  23]) & SANKP([19  20  21]) & XVOJF([20  21  22]) & HQOSY([20  21  22]) & FXHGX([21  22  23]) & KXWZO([19  20  21]) & OVXWM([21  22  23]) & MGKCB([19  20  21]) & SYWMY([21  22  23]) & MNNPI([21  22  23]) & VDWWF([20  21  22]) & RZDAG([19  20  21]) & ULTUX([21  22  23]) & JSLRM([20  21  22]) & BIEXE([19  20  21]) & NWLHT([20  21  22]) & UABYG([21  22  23]) & QPPLK([19  20  21]) & TKZXY([20  21  22]) & WSTWC([20  21  22]) & NICBJ([19  20  21]) & YIMCQ([20  21  22]) & TQUPO([21  22  23]) & XSFNV([19  20  21]) & CEUWT([21  22  23]) & VYLTW([19  20  21]) & OPDYR([21  22  23]) & ORBDA([20  21  22]) & HEOYN([20  21  22]) & LXFOA([19  20  21]) & DMERT([19  20  21]) & KCQLW([20  21  22]) & RKCLS([19  20  21]) & NNJZN([20  21  22]) & GVZTW([19  20  21]) & AEJBP([19  20  21]) & ,219
22,JHFNT([22  23  0]) & YHLZW([22  23  0]) & DSKJQ([20  21  22]) & YINBC([20  21  22]) & HQCEQ([20  21  22]) & MZNNG([22  23  0]) & UTLMI([21  22  23]) & WOYKK([20  21  22]) & DBPGU([21  22  23]) & GIUXH([22  23  0]) & RJGRY([22  23  0]) & UTDWV([21  22  23]) & YKGIJ([20  21  22]) & ASXNO([22  23  0]) & IMWZJ([22  23  0]) & QPUZI([21  22  23]) & TECIG([20  21  22]) & COQDH([20  21  22]) & IECAN([22  23  0]) & MTSUV([20  21  22]) & WXTUT([20  21  22]) & JDXOM([20  21  22]) & QUCJM([21  22  23]) & GRJHX([22  23  0]) & HZQGU([22  23  0]) & YOFTM([21  22  23]) & NSSIQ([20  21  22]) & TPGJJ([20  21  22]) & GIVYK([21  22  23]) & PJBCL([21  22  23]) & AOVNH([22  23  0]) & YYSTK([22  23  0]) & IDIJR([21  22  23]) & IFKAZ([21  22  23]) & NDGFZ([21  22  23]) & WQUDD([22  23  0]) & BSUGW([20  21  22]) & BYQMQ([21  22  23]) & CQWEE([21  22  23]) & OOYQR([20  21  22]) & LLDET([21  22  23]) & CVVCB([20  21  22]) & BNBQE([20  21  22]) & CVZRZ([20  21  22]) & CXDEM([21  22  23]) & LSJOI([22  23  0]) & CNSNL([21  22  23]) & QHBHP([21  22  23]) & AUCDU([22  23  0]) & MTMTL([20  21  22]) & BBYNM([21  22  23]) & OCRZQ([22  23  0]) & SUXHF([20  21  22]) & JOPVB([20  21  22]) & FMUKO([21  22  23]) & IWJJG([21  22  23]) & PLVPZ([20  21  22]) & UAFMN([21  22  23]) & OIJGZ([22  23  0]) & JUSYL([21  22  23]) & OBWJV([22  23  0]) & NJQFG([22  23  0]) & BUJCY([20  21  22]) & IRLBR([20  21  22]) & NMXJG([20  21  22]) & UZAKP([21  22  23]) & UVTHB([22  23  0]) & FSUGR([20  21  22]) & CNBBR([22  23  0]) & RLFSU([21  22  23]) & YWQEN([20  21  22]) & DANAY([21  22  23]) & UDIHE([22  23  0]) & AWASY([21  22  23]) & SAOGB([21  22  23]) & ODUNT([22  23  0]) & EYBKC([22  23  0]) & TTAII([20  21  22]) & ZEJNK([22  23  0]) & XZGMC([22  23  0]) & KERYC([22  23  0]) & SYYLL([21  22  23]) & NGSQI([22  23  0]) & IMFDS([20  21  22]) & WLQSO([21  22  23]) & DGIKF([21  22  23]) & VPWEX([20  21  22]) & YMVKV([22  23  0]) & IHUFP([22  23  0]) & NSDYH([22  23  0]) & OZXUT([20  21  22]) & VMFSZ([20  21  22]) & ISYRN([21  22  23]) & NGYNZ([21  22  23]) & NLHNL([21  22  23]) & NGZMU([20  21  22]) & YUSGX([20  21  22]) & CYAIU([21  22  23]) & SIJAC([21  22  23]) & DHDRB([20  21  22]) & FOEXI([20  21  22]) & HEYEE([22  23  0]) & YZWOK([20  21  22]) & JHNRK([20  21  22]) & XTWNQ([20  21  22]) & CPWOT([20  21  22]) & JRQCX([20  21  22]) & JRPML([22  23  0]) & IHQXJ([21  22  23]) & EYLLN([22  23  0]) & SOCIJ([20  21  22]) & HTCGZ([20  21  22]) & JPJFW([20  21  22]) & OLQMO([20  21  22]) & ABDPK([20  21  22]) & YRYFU([20  21  22]) & LYRZJ([22  23  0]) & NXTFI([21  22  23]) & YNGDS([21  22  23]) & FPVIV([20  21  22]) & KMHWT([21  22  23]) & MQNOD([20  21  22]) & SRUSN([20  21  22]) & GPFOB([22  23  0]) & FAGBI([20  21  22]) & MNDRA([20  21  22]) & NGWFC([20  21  22]) & YINNS([22  23  0]) & HLZLM([20  21  22]) & KEZBV([21  22  23]) & UNLYJ([21  22  23]) & CNMXJ([22  23  0]) & NAXIL([20  21  22]) & RZMQP([20  21  22]) & DXQQA([21  22  23]) & AAALJ([20  21  22]) & CZWPU([22  23  0]) & EEBZE([22  23  0]) & BCTFZ([20  21  22]) & FODKP([22  23  0]) & AYMXL([20  21  22]) & BXRTN([21  22  23]) & GWXYA([20  21  22]) & WFJKJ([21  22  23]) & VSBFL([22  23  0]) & AAPDX([20  21  22]) & CMKKV([20  21  22]) & JQLKG([21  22  23]) & UGNNJ([21  22  23]) & ACXCS([20  21  22]) & NRPHS([21  22  23]) & VJUXL([21  22  23]) & YAVOI([20  21  22]) & CRGZU([22  23  0]) & NOLPK([20  21  22]) & QHSLT([20  21  22]) & EBYRB([21  22  23]) & OBZTM([21  22  23]) & IJJCN([22  23  0]) & WIOPH([20  21  22]) & XICWV([21  22  23]) & LIQCT([22  23  0]) & DZASN([21  22  23]) & OJPNS([22  23  0]) & RFKTH([20  21  22]) & KBMNN([20  21  22]) & SFOXZ([20  21  22]) & ALAYJ([20  21  22]) & ATCYY([20  21  22]) & ERCTP([22  23  0]) & MLISF([20  21  22]) & JOGMQ([21  22  23]) & CXNIL([20  21  22]) & NUVTR([21  22  23]) & SNZYD([22  23  0]) & KMKIK([22  23  0]) & BEOWD([20  21  22]) & WBYCG([20  21  22]) & VDBAC([20  21  22]) & RVAWS([22  23  0]) & MRXTB([20  21  22]) & IHZPA([21  22  23]) & BFFEP([21  22  23]) & NBPWW([20  21  22]) & JRPPW([21  22  23]) & YAZDP([20  21  22]) & VEPGV([21  22  23]) & FSUES([21  22  23]) & FYXWF([22  23  0]) & PRBRL([20  21  22]) & PUGSU([22  23  0]) & WOTRJ([22  23  0]) & ZFFWY([20  21  22]) & DGMTT([20  21  22]) & VJCIP([20  21  22]) & APNXU([21  22  23]) & DDMGB([21  22  23]) & PVCSY([22  23  0]) & JYLJC([22  23  0]) & YOUBJ([21  22  23]) & RQJQJ([21  22  23]) & XTRED([20  21  22]) & ,202
23,EHVKC([21  22  23]) & PCLCE([21  22  23]) & YKZPO([21  22  23]) & RJRUW([22  23  0]) & ZZFVY([22  23  0]) & VVVFT([23  0  1]) & DFBPD([23  0  1]) & RLJNE([22  23  0]) & ELTOC([23  0  1]) & KDOUB([22  23  0]) & PBCVL([22  23  0]) & JDTKK([22  23  0]) & ENFND([22  23  0]) & CQVSW([23  0  1]) & AQGOW([22  23  0]) & HEYIA([22  23  0]) & CFPOC([23  0  1]) & GHUVK([21  22  23]) & QAEOQ([21  22  23]) & DCJTU([22  23  0]) & XWIZF([22  23  0]) & FWPGA([23  0  1]) & MLHLA([21  22  23]) & CJVBC([21  22  23]) & NAESS([23  0  1]) & VXDMB([21  22  23]) & ZWKOJ([22  23  0]) & MDYNW([22  23  0]) & FVVKI([23  0  1]) & FLJZX([21  22  23]) & BCRVL([23  0  1]) & BTWSB([21  22  23]) & FTITG([22  23  0]) & TDSIY([23  0  1]) & FYKYT([21  22  23]) & KNAVG([23  0  1]) & JQDST([23  0  1]) & VNWUV([21  22  23]) & ABKJI([22  23  0]) & ICKRV([22  23  0]) & XVBAN([23  0  1]) & NLGCT([23  0  1]) & UQTWX([22  23  0]) & RQQZS([22  23  0]) & DUGWP([22  23  0]) & GRUOW([23  0  1]) & VVIKP([22  23  0]) & EJVAN([23  0  1]) & MTFWH([22  23  0]) & TDQJD([22  23  0]) & ILYDW([21  22  23]) & UPIWI([23  0  1]) & JHZFW([22  23  0]) & QEOVT([22  23  0]) & ZCHFT([22  23  0]) & JPLXR([22  23  0]) & LEHIZ([22  23  0]) & YQBBK([21  22  23]) & LPMOS([23  0  1]) & DGTXL([22  23  0]) & PURGF([23  0  1]) & ENIMP([22  23  0]) & KYGHR([22  23  0]) & LVLWI([23  0  1]) & PJGGD([22  23  0]) & TIXHB([22  23  0]) & JNJBZ([21  22  23]) & QWUIA([23  0  1]) & EEKPA([21  22  23]) & LROCY([23  0  1]) & AFZIK([22  23  0]) & KZSHZ([23  0  1]) & JEFQY([22  23  0]) & URBZL([21  22  23]) & EELTC([22  23  0]) & GQFKM([21  22  23]) & EOCDH([22  23  0]) & FQZPA([21  22  23]) & BSJSE([21  22  23]) & NUUIX([23  0  1]) & YCBOO([23  0  1]) & NYULW([23  0  1]) & FEBWQ([21  22  23]) & KRRYS([23  0  1]) & EWHUF([22  23  0]) & BPVOS([22  23  0]) & TQNQE([22  23  0]) & ZDPRD([22  23  0]) & RVOTX([23  0  1]) & YYGUU([23  0  1]) & BMJYJ([21  22  23]) & OXVYD([23  0  1]) & ZJNAE([22  23  0]) & VJMOS([22  23  0]) & LFVMF([23  0  1]) & SSSLL([22  23  0]) & HNAYI([22  23  0]) & JXZPR([23  0  1]) & DUYIW([22  23  0]) & AMRPG([23  0  1]) & JSJDU([23  0  1]) & WOEOI([22  23  0]) & YQXYF([22  23  0]) & WWWBT([22  23  0]) & ORWNN([21  22  23]) & SHUEN([22  23  0]) & XXJQL([21  22  23]) & ZUHVX([21  22  23]) & MCTGG([23  0  1]) & GHDXJ([22  23  0]) & PIDBE([21  22  23]) & BOIGG([23  0  1]) & MRAJC([23  0  1]) & GMDPT([22  23  0]) & NPJAD([22  23  0]) & WKHTB([23  0  1]) & RZLTM([23  0  1]) & HPKHM([23  0  1]) & TUXXR([22  23  0]) & GDHQY([22  23  0]) & QMGIJ([21  22  23]) & THNGH([21  22  23]) & XSXRH([22  23  0]) & GUBKB([21  22  23]) & RNGBF([22  23  0]) & GQWVS([22  23  0]) & DFNFQ([22  23  0]) & TUJNO([21  22  23]) & RTROC([22  23  0]) & JFOJU([23  0  1]) & ZXKGO([21  22  23]) & AVVJW([23  0  1]) & BIMXM([21  22  23]) & LRFNL([22  23  0]) & PPFUZ([22  23  0]) & LJFZW([23  0  1]) & ETYDM([21  22  23]) & VWBEB([23  0  1]) & LXEOE([21  22  23]) & NSGPA([23  0  1]) & FYZIB([22  23  0]) & VNIQC([22  23  0]) & MGXES([22  23  0]) & FNVOH([21  22  23]) & JLHXE([22  23  0]) & ZXZLF([22  23  0]) & TZIDY([21  22  23]) & FJBUC([21  22  23]) & UOSJB([21  22  23]) & XCMEN([23  0  1]) & PFCDF([21  22  23]) & PRVJD([23  0  1]) & DIINA([22  23  0]) & AFXLJ([23  0  1]) & YVJOZ([21  22  23]) & SIJOF([21  22  23]) & OPOLW([21  22  23]) & KYAGB([21  22  23]) & QWFZV([23  0  1]) & ZGBII([21  22  23]) & VNXUU([23  0  1]) & FYPNR([22  23  0]) & FXQEZ([21  22  23]) & EAYKM([21  22  23]) & FOGDB([22  23  0]) & ECWRH([22  23  0]) & RLHUW([21  22  23]) & ICVVG([23  0  1]) & NTXMT([22  23  0]) & CXMRB([21  22  23]) & KCWRO([22  23  0]) & CHXKT([21  22  23]) & FDISW([22  23  0]) & CUSJV([21  22  23]) & MWHLK([21  22  23]) & LYFMI([21  22  23]) & XATJO([23  0  1]) & DUMEM([22  23  0]) & NOQPZ([23  0  1]) & DATSM([23  0  1]) & HCHEI([22  23  0]) & HPYZR([21  22  23]) & HHEBT([22  23  0]) & ARDVQ([22  23  0]) & LATQD([22  23  0]) & SPMJL([23  0  1]) & IMRHU([22  23  0]) & UHJEZ([21  22  23]) & MYUND([21  22  23]) & ICJZD([23  0  1]) & BYGAA([22  23  0]) & AZGKZ([23  0  1]) & HDXGZ([22  23  0]) & IOHNL([21  22  23]) & OTTCZ([23  0  1]) & XDWYP([21  22  23]) & OWYWD([21  22  23]) & VOSQB([21  22  23]) & LRROQ([23  0  1]) & UTXDW([21  22  23]) & JWYFS([22  23  0]) & UDIXQ([22  23  0]) & BYSWE([21  22  23]) & NCNPB([21  22  23]) & ICDDS([23  0  1]) & HEBKT([23  0  1]) & AWLJA([21  22  23]) & NBMDQ([23  0  1]) & GRWZZ([23  0  1]) & ZAFKG([22  23  0]) & CPOMU([21  22  23]) & FDWSR([23  0  1]) & XCAUD([21  22  23]) & YKOMJ([21  22  23]) & GYRAQ([21  22  23]) & XJLIL([21  22  23]) & CUGWW([21  22  23]) & RPNCJ([23  0  1]) & LNSXI([22  23  0]) & ZQOVY([22  23  0]) & ZWDJU([22  23  0]) & FZYWC([22  23  0]) & ASMIZ([22  23  0]) & JIPQV([22  23  0]) & YBPAJ([21  22  23]) & CDZBP([21  22  23]) & JAGTT([23  0  1]) & PSPHA([23  0  1]) & FGGSW([23  0  1]) & VSXHE([23  0  1]) & UCPJX([23  0  1]) & PRKQR([22  23  0]) & NRDUP([21  22  23]) & ,233
